Datetime,Tweet Id,Content
2020-09-04 23:57:52+00:00,1302033166073499648,"Lol, erst putschen sie einen demokratisch gewÃ¤hlten PrÃ¤sidenten aus dem Amt, verzÃ¶gern die Wahl, weil die Sozialisten gewinnen wÃ¼rden und jetzt das. LÃ¤cherlich. https://t.co/1mUQQ0BIgP"
2020-09-04 23:57:29+00:00,1302033071097761792,"the points events feel like they have no proper goal in sight nd by the end of it it's more of a ""holy shit am i done yet"" thing than an ""i actually feel successful and satisfied for clearing this event"" thing. the amt of grinding in them just kills the feeling of satisfaction"
2020-09-04 23:55:44+00:00,1302032630117027842,@Umbas1l @senth_feel Ø§Ù„Ù„Ù‡ ÙŠØ±Ø¯Ù‡ Ù„Ùƒ Ø±Ø¯Ù‹Ø§ Ø¬Ù…ÙŠÙ„Ù‹Ø§ Ùˆ ÙŠØ±ÙŠØ­ Ù‚Ù„Ø¨Ùƒ ğŸ’•
2020-09-04 23:55:20+00:00,1302032531299196929,@biiasampaio3 N Ã© oc n minha filha
2020-09-04 23:55:15+00:00,1302032510671495168,"@daochan_amt ã‚Šã‚‡ã‹ã„ã€°ï¸â€¼ï¸

ã ãŠã£ã¦å‘¼ã¶ã­ğŸ¤ŸğŸ˜

ã‚ˆã‚ã—ãğŸ’“"
2020-09-04 23:52:55+00:00,1302031921879359489,@DianeArrambide1 @SteveCornette @JasonCowboysMan I remember David Irving singlehandedly taking over game's for us; when he 1st came to us from (Oak right ?) !! Has anyone noticed the amt of quality plyrs we've gotten from them ğŸ˜³ Coop being the most glaring 1 ğŸ”¥ğŸ‘€
2020-09-04 23:52:31+00:00,1302031823011229698,@danftariana AMT
2020-09-04 23:52:23+00:00,1302031788747890688,@Sakurazima__Mai ä¹å·åœ°æ–¹ãŒå¿ƒé…ã ã‚ã­...
2020-09-04 23:49:57+00:00,1302031176509599744,ver os stories do @vascopvandrade dÃ¡-me vida pahahahhahaha amt ya
2020-09-04 23:49:55+00:00,1302031167449956352,La peor administraciÃ³n #YundaNoAvanza funcionarios de la AMT hacen caja al finalizar el turno #RobertoMorales &amp; #PabloMoncayo? gente de #EddySanchez siguen en esta administraciÃ³n #YundaVendePuestosOtraVez ğŸ¸ğŸ¤‘ğŸğŸ¸ğŸ¤‘ğŸ @feo_rokoto @SuerodlaVerdad1 @4pelagatos4 @jcarreraandrade https://t.co/Vsl4O37yEl
2020-09-04 23:49:53+00:00,1302031157123575809,@jessyylnp amt mt ğŸ˜¢
2020-09-04 23:49:52+00:00,1302031154418073600,ã‚ªãƒ¼ã‚ºè¦‹ã‚ˆã†ã¨æ€ã£ã¦ãŸã‹ã‚‰è¦‹ã‚‹ã—ã‹â€¦ï¼
2020-09-04 23:49:27+00:00,1302031048734375936,Pausa para lavar as mÃ£os! #CoronaVÃ­rusNoBrasil
2020-09-04 23:49:12+00:00,1302030988961251328,@lostgirl_sz OMG O TEU HEADER MORRI ğŸ˜­ğŸ˜­ğŸ˜­ğŸ˜­ğŸ˜­ğŸ˜­ğŸ˜­ğŸ˜­ğŸ˜­ğŸ’—ğŸ’“ğŸ’ğŸ’•ğŸ’ğŸ’˜ğŸ’– amt tanto vou mm caguei
2020-09-04 23:47:29+00:00,1302030556780060673,å°é¢¨ã®æƒ…å ±ãã‚“ãªè¦‹ã¦ãªã„ã‘ã©ã¾ã˜ã§ã‚„ã°ã„ã®ï¼Ÿ
2020-09-04 23:45:46+00:00,1302030121168064514,æ˜¨æ—¥ä¼‘ã¿ã ã£ãŸã‹ã‚‰ã‹æ—¥æ›œæ„ŸãŒæŠœã‘ãªã„
2020-09-04 23:45:20+00:00,1302030014502727680,ãŠã¯ã‚ˆã†ã€œ
2020-09-04 23:44:35+00:00,1302029827088805893,"#MagicHueG260 in monitor flicker mode simulating ambient reflection from movie screen. On set of a #musicvideoshoot with DP: @joseph_films 
.
.
Artist: @jayjaysings ft. @TowehMusic 
.
.

@adorama @AMT_DUBAIâ€¦ https://t.co/zKMFhCsrtd"
2020-09-04 23:43:46+00:00,1302029621085573121,Amt https://t.co/evM7YmHwAt
2020-09-04 23:40:14+00:00,1302028728579559425,o RUDY AHAHAH AMT JJ https://t.co/KvzpY2tUpu
2020-09-04 23:39:59+00:00,1302028666726166528,Saudades do cheiroso ğŸ¥º
2020-09-04 23:38:09+00:00,1302028205906427905,amt beyonce
2020-09-04 23:37:59+00:00,1302028166098116610,ã†ã‰ã‰è¦‹ã¤ã‹ã‚‹ã¨ã„ã„ãªã‚ğŸ˜­
2020-09-04 23:36:31+00:00,1302027796655386625,ãŠã¯ã‚ˆã†ãƒ™ãƒƒãƒ‰ã‹ã‚‰èµ·ãã‚‹ãã€œğŸ™‹â€â™€ï¸
2020-09-04 23:36:15+00:00,1302027727583637504,å¤§ä¸ˆå¤«ã‹ï¼Ÿ
2020-09-04 23:36:09+00:00,1302027701708943360,å…ƒæ°—ã„ã£ã±ã„ãã¾ã±ã‚“ã¾ã‚“
2020-09-04 23:35:21+00:00,1302027499891642370,3 Top Robinhood ETFs to Buy Now @themotleyfool #stocks $SPY $VNQ $BOTZ $NVDA $ISRG $KODK $HCN $PSA $AMT $BRKS $NIO $MRNA https://t.co/2odIf24kAw
2020-09-04 23:35:10+00:00,1302027454358466560,"@polizeiberlin Das ist hyper-lobenswert. Strafvereitelung im Amt durch teilnahmslose, verweigernde Pkw-Besatzung dann hoffentlich endlich vorbei."
2020-09-04 23:34:48+00:00,1302027362800820224,ã•ã¦ä»Šæ—¥ã¯13æ™‚é–“å‹¤å‹™()
2020-09-04 23:34:14+00:00,1302027222346117120,ã“ã„ã—ã¡ã‚ƒã‚“ã¯å®‡å®™
2020-09-04 23:34:08+00:00,1302027193283997701,"@rey_atl I believe Stalin said, doesnt matter how many votes you get, it only matters who counts them. DS isnt just in DC. Many Dem Gov'd States/Cities are inv'd as all can ğŸ‘€. I live in PA. 1 of worst. Huge amt of scenario's re: Election, &amp; none are good. Even if DJT Wins. Prepare ppl."
2020-09-04 23:33:20+00:00,1302026994461192192,"é†¤æ²¹ã‚„ãŠå‘³å™Œã€é »ç¹ã«ä½¿ã†èª¿å‘³æ–™ã¯å°‘ã€…é«˜ãã¦ã‚‚ç„¡æ·»åŠ ãªã©ã®ã„ãƒã‚‚ã®ã‚’ä½¿ã£ãŸæ–¹ãŒã„ã„ã§ã™ã‚ˆ
â†’https://t.co/pHBnu5gIgG"
2020-09-04 23:32:00+00:00,1302026660225703936,@taciakemix Sim dkdkdmjdjdjdjdj
2020-09-04 23:31:46+00:00,1302026600788029440,@tsukasa_kaguya æœ€è¿‘ã‚¬ãƒã§å¯ã‚Œã¦ãªã„()
2020-09-04 23:31:29+00:00,1302026529602301954,@tkshmy2026 ã¨ã‚Šã‚ãˆãšãƒãƒ•ã‚¡ãƒªãƒ³ã§ã™ã­
2020-09-04 23:31:24+00:00,1302026505569009666,"ã‰ã£ã‰ãƒã€Œä¿ºã®ãƒãƒƒã‚·ãƒ¥ãƒ‰ãƒãƒ†ãƒˆå–ã£ã¦ã€åŒ‚ã„å—…ããŸã„ã‹ã‚‰â€¦â€¦(â—‘âˆ©â— ) ä¸‰ ( â—‘âˆ©â—)ï½½ï½°ï¾Šï½°ï½½ï½°ï¾Šï½°ã€

ãƒã‚¤ã€Œã‚¬ãƒ³ã‚®ãƒãƒªã˜ã‚ƒã­ã‡ã‹ã€"
2020-09-04 23:30:06+00:00,1302026180845944832,åŠ å·¥ãŒç§’ã§çµ‚ã‚ã‚‹
2020-09-04 23:30:06+00:00,1302026179277402114,"â¦ Parteien - Hessens Fraktionschefin Wissler will Linken-Bundesvorsitzende werden

Â» Hessens Linken-Fraktionschefin Wissler bewirbt sich fÃ¼r das Amt der Bundesvorsitzenden ihrer Partei.  mehr
 
  https://t.co/X3nqE205qK"
2020-09-04 23:30:04+00:00,1302026169890426881,@Yoshi_AMT_REX ã‚ã‚ŠãŒã¨ã†ã”ã–ã„ã¾ã™ã€œã€œã€œã€œï¼ï¼ï¼
2020-09-04 23:29:34+00:00,1302026046561292293,@xanny7k rei amt
2020-09-04 23:29:33+00:00,1302026040655540224,"@aktg_3958 ç§ã¯ç™½ã€ãã¾ã€ç™½ãã¾ãŒå¤šã„ã‹ãªğŸ¤”
ç§ã¯ã‚ãã¡ã‚ƒã‚“ã£ã¦å‘¼ã‚“ã§ã‚‚ã„ã„ï¼ŸğŸ˜³âœ¨"
2020-09-04 23:29:03+00:00,1302025915296346113,"Eu to ak no chiquinho com a minha mÃ£e aÃ­ do nada chegou um cara bebasso e falou ""to com corona vÃ­rus a 60 dia"" e dps ele comeÃ§ou a tossir na nossa frente   ldjjdjdjrjeioekekdk"
2020-09-04 23:28:31+00:00,1302025781934092288,@syakezarashi ãŠã‚ã§ã¨ã†ã”ã–ã„ã¾ã™ï½ğŸ‰ğŸ‰
2020-09-04 23:28:01+00:00,1302025656847360000,@0810cos143 ã‚ã‚ŠãŒã¨ã†ã€œï¼ï¼ï¼ğŸ˜³ğŸ™ğŸ’•ğŸ’•ğŸ’•
2020-09-04 23:24:07+00:00,1302024676156170241,@frankoceanhafiz my mom always puts the smallest amt of salt in laal chaa. Iâ€™ve grown to appreciate it a lot
2020-09-04 23:23:59+00:00,1302024641804869632,å»å¹´ã®ç§‹ä¾‹ã®å¸°ã‚Šã«ä¸€å›è¡Œã£ãŸãã‚Šãªã®ã§ã¾ãŸè¡ŒããŸã„ https://t.co/1iFYfUseJY
2020-09-04 23:23:50+00:00,1302024605146779648,"Ã‰s a minha pessoa favorita e fazia tudo por ti, amt p crlh"
2020-09-04 23:20:43+00:00,1302023817426997249,"@amt_ayacamry ãƒã‚¸ã‹

ã‚†ãƒ¼ãŸã‚“å¯ã¦ãªãã­ï¼Ÿ
ä»Šæ—¥ã‚‚æš‘ã„ã‹ã‚‰æ°—ã‚’ã¤ã‘ã¦ãªï¼"
2020-09-04 23:20:10+00:00,1302023682026475521,@tsukasa_kaguya æ—©ç•ªãªã‚“ã§ã™ã‚ˆ
2020-09-04 23:20:00+00:00,1302023639815000066,@the_amt @MattDoyle76 â€œTake yur face for a shiteâ€is an insult that I want to do anthropological studies on
2020-09-04 23:19:27+00:00,1302023500174155777,"Hora de lavar as mÃ£os! Nunca Ã© demais. Previna-se, faÃ§a sua parte! #coronavÃ­rusnobrasil #coronavirusbrasil #CORONAVÃRUS #COVID19 #coronavirusbrasil #CoronavirusPlantao"
2020-09-04 23:18:46+00:00,1302023326718742531,@Dirk32584 @RolandTichy Das antidemokratische GG widrige Verhalten des Herrn Geisel bei der Demo ist fÃ¼r mich Beweis genug das diese rote Ratte kein Amt in einem demokratischen  Rechtsstaat zu bekleiden hat. Sofortiger RÃ¼cktritt dieses SED Schergen. #niewiedersozialismus #noLinke
2020-09-04 23:18:08+00:00,1302023167863484416,ã‚´ãƒ¼ã‚´ãƒ¼ã‚«ãƒ¬ãƒ¼ã¯ã¾ã˜ã§ç¾å‘³ã„
2020-09-04 23:17:44+00:00,1302023066734612481,"@amt_ayacamry ç§ã‚‚åé ­ç—›ã§ã™ã€‚æœ€è¿‘ã¯ãƒã‚·ã§ã™ãŒã€å­¦ç”Ÿã®é ƒã¯ã‹ãªã‚Šæ‚©ã¾ã•ã‚Œã¾ã—ãŸ...
é ­ç—›è–¬ã¯å°‚ç”¨ã®ã‚‚ã®é£²ã¾ã‚Œã¦ã¾ã™ï¼Ÿ"
2020-09-04 23:16:58+00:00,1302022876233633793,"1/2 Hoy, se llevÃ³ a cabo la tercera entrega de productos al @Zoo_Quito. Funcionarios y directivos de la AMT impulsaron esta iniciativa solidaria en tiempos de pandemia, con el propÃ³sito de que los animalitos del zoolÃ³gico cuenten con la alimentaciÃ³n necesaria durante 6 meses. https://t.co/hfko4JtfOt"
2020-09-04 23:16:37+00:00,1302022785401679873,@amt_tris @rereweee Yes I said
2020-09-04 23:16:04+00:00,1302022647933435905,"@calebulf Pay upfront deals are like this too for people who already have money. For ex. letâ€™s look at a gym membership be like â€œ1 year unlimited, pay 2day &amp; save X amt!â€ but u need the $1000 or w/e to front it. Meanwhile ppl who can only pay mo 2 mo pay way more in the end ğŸ¤¦ğŸ½â€â™€ï¸"
2020-09-04 23:15:56+00:00,1302022613506486272,@hinogunity ç¾å‘³ã„ã‚ˆã­
2020-09-04 23:15:53+00:00,1302022603012485120,@lj1l1 @naserhusen80 @lj0lj @ffllu2 @20ii9 @5PI1_ @s27k @ttt1D @_ufcx @lll8ii8 @5cn__ @2hzaz @15G__ @5zzoo @5CQ__ @7772v @55_55_ @5DDDY @g126hh @iiooi787 @YMb4__ @iAshwax @amt_145 @a4yu122 @M__asa4 @MnolAliM @emadhtim @Manal__ha @ha380650 @malak_mor @00___meme Ø´ÙƒØ±Ø§Ù‹ Ù„Ùƒ Ø§Ù„Ù„Ù‡ ÙŠØ³Ø¹Ø¯Ùƒ https://t.co/6zKw0biDOT
2020-09-04 23:15:25+00:00,1302022484347191299,"@geovy1985 @AMTQuito @teleamazonasec @TVCElComercioTv @pamozaec @DavilaAurelio Son una pandemia estos pillos.
Y que no vengan a decir que son casos aislados.
Antes ya dijo un agente amt que pedÃ­an a diario una cuota mÃ­nima.
La famosa restricciÃ³n vehicular es para eso."
2020-09-04 23:15:05+00:00,1302022400716939264,ã‚ã¾ã¨ãã‚“ FFã•ã‚“ ãŠã¯ã‚ˆã‰â°ğŸ¾
2020-09-04 23:14:44+00:00,1302022314075148294,"@achaa_sunno trap of Politics , police nexus results  artist life hanged"
2020-09-04 23:13:49+00:00,1302022082939813890,@HoppyJosie @MattDoyle76 The word hero gets thrown around a lot these days...
2020-09-04 23:12:35+00:00,1302021770493399040,ä½¿ã†
2020-09-04 23:12:27+00:00,1302021738465841152,"Various Dr's at the VA misdiagnosed squamous cancer
I lost an eye &amp; run through 2 cycles of radiation &amp; chemo
Found out it's still growing &amp; there's a limit to the amt of radiation I can get but ""there might be trials""

I haven't told my wife everything yet 
she was at work"
2020-09-04 23:11:38+00:00,1302021531200094208,@lj1l1 @M__asa4 @naserhusen80 @lj0lj @ffllu2 @20ii9 @5PI1_ @s27k @ttt1D @_ufcx @lll8ii8 @5cn__ @2hzaz @15G__ @5zzoo @5CQ__ @7772v @55_55_ @5DDDY @g126hh @iiooi787 @YMb4__ @iAshwax @amt_145 @a4yu122 @MnolAliM @Q__O__Q_ @emadhtim @Manal__ha @ha380650 @malak_mor @00___meme ÙÙˆÙ„Ùˆ ÙˆØ§Ù„Ø±Ø¯ ÙÙˆØ±Ù‰
2020-09-04 23:10:45+00:00,1302021310000881671,ğŸ¤£ğŸ˜† BuNdA dE gRiLo ğŸ˜†ğŸ¤£
2020-09-04 23:10:04+00:00,1302021138437025798,"@lj1l1 @naserhusen80 @lj0lj @ffllu2 @20ii9 @5PI1_ @s27k @ttt1D @_ufcx @lll8ii8 @5cn__ @2hzaz @15G__ @5zzoo @5CQ__ @7772v @55_55_ @5DDDY @g126hh @iiooi787 @YMb4__ @iAshwax @amt_145 @a4yu122 @MnolAliM @Q__O__Q_ @emadhtim @Manal__ha @ha380650 @malak_mor @00___meme ØªØ³Ù„Ù… Ø§ÙŠØ¯Ùƒ Ø§Ø¨Ùˆ Ø¹Ù„ÙŠØ§Ø¡ ğŸŒºâœ¨ğŸŒº

Ø§Ù„Ù Ø´ÙƒØ± Ø±Ø±Ø±Ø±Ø±Ø±Ø±Ø± ğŸ’¯âœ¨ğŸ’¯

Ø¨Ø§Ù„ØªÙˆÙÙŠÙ‚ Ù„Ù„Ø¬Ù…ÙŠØ¹ ÙŠØ§Ø±Ø¨ ğŸŒºâœ¨ğŸŒº

ğŸ’¥âš¡ğŸ’¥âš¡ğŸ’¥âš¡

ğŸ’¥âš¡ğŸ’¥âš¡ğŸ’¥âš¡

ğŸ’¥âš¡ğŸ’¥âš¡ğŸ’¥âš¡

ğŸ’¥âš¡ğŸ’¥âš¡ğŸ’¥âš¡

ğŸ’¥âš¡ğŸ’¥âš¡ğŸ’¥âš¡ https://t.co/ENQo7Wf0WD"
2020-09-04 23:08:56+00:00,1302020852641341441,@amato_dayooo ãŠç–²ã‚Œæ§˜ğŸ¶ã‚†ã£ãã‚Šä¼‘ã‚“ã§ã­â°ğŸ¾
2020-09-04 23:08:37+00:00,1302020773293498372,"@EskenSaskia SchÃ¤men Sie sich fÃ¼r Ihre Verleumdungen. Sowas wie Sie hat kein Recht als Volksvertreter im Amt zu sitzen und sicherlich hat sich das auch bald erledigt... Respekt ist kein Privileg, sondern die einfachste Form mit Menschen umzugehen. Hat man Ihnen das nie beigebracht?"
2020-09-04 23:05:30+00:00,1302019988899926016,@princessdux amt.ğŸ–¤
2020-09-04 23:04:40+00:00,1302019779952365569,"Estas AMT y ANT, son instituciones sin liderazgo, sin sentido de servicio. 
Ni los vehÃ­culos nuevos 0 Kmts, a habido como matricular, pese a sus ofrecimientos, la pÃ¡gina web todo el rato colgada, o sale un rotulo: Intente mÃ¡s tarde.
ASCO DE EMPRESAS PUBLICAS https://t.co/2B49LPzLzr"
2020-09-04 23:04:01+00:00,1302019615229435904,@ludisiadiscolor ela tbm te amt
2020-09-04 23:03:50+00:00,1302019568731332612,"@zwergentasse @PolizeiSachsen Die Nagel, gehÃ¶rt aus ihren Amt geschmissen. Von Steuergelder bezahlte linken anfuererin. Ekelhaft"
2020-09-04 23:03:24+00:00,1302019462401466368,ç ‚ç³–ã‚’ã‚„ã‚ã‚Œã°ã€å¿…ãšè‹¥è¿”ã‚Šã¾ã™ï¼ï¼ã‚ãªãŸã¯ç ‚ç³–ã®ä¾å­˜ã«é™¥ã£ã¦ã¯ã„ã¾ã›ã‚“ã‹ï¼Ÿâ‡’https://t.co/LZaTTIREVl
2020-09-04 23:02:22+00:00,1302019201163431937,@DasherfromDD @DlvryDryvr @FoodDlvryChamp Used to only be able to tip after the fact on UE. When they gave ability to place tip w/ order early '19 they allowed 1 hr to make changes. Didn't used to matter since drivers didn't know the total amt ahead of time.
2020-09-04 23:01:48+00:00,1302019058041106432,@minatoaqua ãŠã‚„ã™ã¿ãƒ¼
2020-09-04 23:01:27+00:00,1302018969449058305,"ã‰ã£ã‰ãƒã€Œã‚ªãƒšãƒ©ã‚°ãƒ©ã‚¹ã§è¦‹ã‚‹ã¨ã‚ã£ã¡ã‚ƒãƒ©ã‚¤ãƒˆçœ©ã—ã„ï¼ã€

åˆ©éŸ³ã€Œwwwwwwã€

ã‰ã£ã‰ãƒã€Œã§ã‚‚ã€ãã‚Œã‚’è¶…ãˆã‚‹å…‰ãŒã“ã‚Œã‹ã‚‰æ¥ã‚‹ã£ã¦è€ƒãˆã‚‹ã¨â€¦ã€

åˆ©éŸ³ã€Œä½•ã§ãŠå‰ãã‚“ãªã„ã„äº‹è¨€ã†ã®â€¦ï¼Ÿã€"
2020-09-04 23:00:28+00:00,1302018721456693250,"@BcsmMatthews @LunchCatchUp @ScooterMcNeice He is a good little player that plays a lot like AMT, he has his heart set on Richmond though."
2020-09-04 23:00:03+00:00,1302018619530903552,"Beware the temptation to spend erratically right now, for you ... More for Gemini https://t.co/TUPUCAHcHg"
2020-09-04 23:00:03+00:00,1302018619111596032,@WolfgangLhdt @Benuetzername Der letzte SED Chef bleibt ein linksradikaler Populist. Sein Amt als Finanzsenator in Berlin musste er angeblich krankheitsbedingt vor Ã¼ber 20 Jahren aufgeben... aber fÃ¼r VerschwÃ¶rungstheorien reicht es leider noch ...
2020-09-04 22:59:51+00:00,1302018568209354753,@arino_amt thank you so much !! That really means a lot ğŸ˜­ğŸ˜­ğŸ’˜ğŸ’˜ğŸ’–ğŸ’ğŸ’“
2020-09-04 22:58:37+00:00,1302018259189989376,"@paintsharpless I was in student section; fire was behind us. We couldnâ€™t tell what was on ğŸ”¥ but amazed at amt of smoke &amp; flame. Game was brutal. D Craig got knocked woozy, our D played great, but we couldnâ€™t score. We threw pick-6, missed a PAT &amp; LSU housed our late 2 pt conv attempt to tie.ğŸ˜–"
2020-09-04 22:55:46+00:00,1302017541536182273,"For those who dont quite understand the new CDC data, think of it like this: The amt of ppl that died from CV were LOW like the LEOs that endorsed Biden while non-CV deaths recorded, were much larger, like the LEOs that endorsed @realDonaldTrump. Get it now? Ur welcome."
2020-09-04 22:55:23+00:00,1302017444676943873,"from a dick francis novel iâ€™m re-reading: â€œGervase still displayed the insignia of a natural bully: mean tightening of the mouth, jabbing forefinger, cold patronizing stare down the nose, visible enjoyment of othersâ€™ discomfiture.â€ genre fic gets it right a good amt of the time."
2020-09-04 22:53:47+00:00,1302017041570787328,ãŠã¯ã‚ˆã†ã”ã–ã„ã¾ã™
2020-09-04 22:53:11+00:00,1302016888109580288,American Tower (AMT) Dips More Than Broader Markets: What You Should Know https://t.co/t6c3sqrjsI https://t.co/DmimlFAsgg
2020-09-04 22:52:36+00:00,1302016743263662081,amt ğŸ’ğŸ’ğŸ’ https://t.co/rX4XDnymar
2020-09-04 22:52:05+00:00,1302016612782845952,"@tkshmy2026 ã‚ã‚ŠãŒã¨ã†ã”ã–ã„ã¾ã™

åé ­ç—›ãªã‚“ã§ã™ã‹ã­...
1é€±é–“ãã‚‰ã„ãšã£ã¨ç—›ã„ã‚“ã§ã™ã‚ˆã­"
2020-09-04 22:51:36+00:00,1302016489944481793,"Once I donâ€™t have a certain amt in my acc, Iâ€™m broke."
2020-09-04 22:51:33+00:00,1302016477055389699,"I'm at @MuviCinemas in Jeddah, Makkah w/ @adajani_ https://t.co/L7NHVLOUun"
2020-09-04 22:51:06+00:00,1302016364434071552,@Panthea2019 Es hat zusammen mit dem AuswÃ¤rtigen Amt EU AuÃŸen- und Wirtschaftspolitik gemacht und keinem fÃ¤llt das auf
2020-09-04 22:49:28+00:00,1302015952536600576,Pare por um instante e vÃ¡ lavar as mÃ£os! #CoronaVÃ­rusNoBrasil
2020-09-04 22:49:02+00:00,1302015845791653890,@xM0HD Ø¨Ø§Ù„Ø¶Ø¨Ø·
2020-09-04 22:48:16+00:00,1302015654367645696,the amt of love I have for my dog
2020-09-04 22:47:54+00:00,1302015558834151427,@xM0HD Ø§Ø°Ø§ Ø§Ù„Ø¬Ø¨Ù‡Ù‡ Ø§Ù„ÙŠØ³Ø§Ø± ÙƒØ§Ù†Øª Ù†ÙØ³ Ù‚ÙˆØ© Ø§Ù„Ø¬Ø¨Ù‡Ù‡ Ø§Ù„ÙŠÙ…ÙŠÙ† Ø§Ùˆ Ø§Ù‚Ù„ Ø´ÙˆÙŠ ØµØ¯Ù‚Ù†ÙŠ Ø¨ØªØ´ÙˆÙ ÙØ±ÙŠÙ‚ Ù†Ø§Ø±ÙŠ
2020-09-04 22:45:31+00:00,1302014961871396864,@lj1l1 @naserhusen80 @lj0lj @ffllu2 @20ii9 @5PI1_ @s27k @ttt1D @_ufcx @lll8ii8 @5cn__ @2hzaz @15G__ @5zzoo @5CQ__ @7772v @55_55_ @5DDDY @g126hh @iiooi787 @YMb4__ @iAshwax @amt_145 @a4yu122 @M__asa4 @MnolAliM @Q__O__Q_ @emadhtim @Manal__ha @ha380650 @malak_mor @00___meme ØªÙ…Øª Ø§Ù„Ù…ØªØ§Ø¨Ø¹Ù‡ Ù„Ù„Ø¬Ù…ÙŠØ¹ ØªØ­ÙŠØ§ØªÙŠ
2020-09-04 22:45:05+00:00,1302014852022452226,"If you want to avoid any potential surprises at tax time, it may make sense to know where you stand when it comes to the AMT. https://t.co/4Ff57uy8ja"
2020-09-04 22:44:53+00:00,1302014801548374020,@xM0HD Ø§ØªÙÙ‚ Ù…Ø¹Ùƒ
2020-09-04 22:44:33+00:00,1302014718119489537,@astroyazor Amt irmÃ£o
2020-09-04 22:43:17+00:00,1302014400518393856,"@tpsailol linda da merda, amt"
2020-09-04 22:43:10+00:00,1302014370331987970,@no__s22 Ù‡Ù‡Ù‡Ù‡Ù‡Ù‡Ù‡Ù‡Ù‡Ù‡Ù‡Ù‡Ù‡Ù‡Ù‡Ù‡
2020-09-04 22:42:09+00:00,1302014114139705346,"@comnin1 @KarluskaP @JenGriffinFNC @JeffreyGoldberg Fair enough.
I'm sure being a mil/bil carries a certain amt of quirky, eccentricness that keeps one from being emotionally attached on some level. IDK, I've never been one...
Actions speak louder than words. I happen to think he gets judged more harshly for his words than needed."
2020-09-04 22:41:57+00:00,1302014061249548288,@no__s22 Ø¨Ø±Ø·Ù…Ù‡Ø§ Ø¨ÙŠÙ†ÙØ¬Ø±
2020-09-04 22:39:51+00:00,1302013535627681797,"@svbnico Volland zu verkraften, Kai natÃ¼rlich nicht, Amt des KapitÃ¤n bei 15 Spielen die Saison lÃ¤ngst hinfÃ¤llig. Man kann sich auch alles schlecht reden...."
2020-09-04 22:39:11+00:00,1302013368103038976,"how am i on my 30th season game, i restart my console and im on my 24th game.. back down to a 88 ovr but the same amt of vc.. @2KSupport  explain"
2020-09-04 22:38:45+00:00,1302013256760844288,@Yoshi_AMT_REX ãã¦ã»ã—ã„
2020-09-04 22:38:44+00:00,1302013254357708803,jâ€™ai envie dâ€™aller au lycÃ©e demain juste pr pas Ãªtre chez moi
2020-09-04 22:37:17+00:00,1302012890455650305,Ø£Ø³Ø¹Ø§Ø± Ø§Ù„Ø£Ø¯ÙˆØ§Øª Ø§Ù„Ù…Ù†Ø²Ù„ÙŠØ© ÙˆØ­Ù„Ù„ Ø·Ù‡ÙŠ ØªØ±ÙˆÙØ§Ù„ Ù…Ù‚Ø§Ø³Ø§Øª Ù…Ø®ØªÙ„ÙØ© 2021 Ø·Ù‚Ù… Ø­Ù„Ù„ Ø³ØªØ§Ù†Ù„Ø³ Ø³ØªÙŠÙ„ Ø²Ù‡Ø±Ø§Ù† Ù…Ù† 4 Ø­ØªÙ‰ 14 Ù‚Ø·Ø¹Ø© Ø¨ÙˆÙ†ÙŠØ±Ø§ Ø­Ù„Ù„Â AMT https://t.co/40m3MJc6gA
2020-09-04 22:37:06+00:00,1302012840350543875,@tessaae_ oui
2020-09-04 22:36:47+00:00,1302012762261008384,@lj1l1 @lj0lj @ffllu2 @20ii9 @5PI1_ @s27k @ttt1D @_ufcx @lll8ii8 @5cn__ @2hzaz @15G__ @5zzoo @5CQ__ @7772v @55_55_ @5DDDY @g126hh @iiooi787 @YMb4__ @iAshwax @amt_145 @a4yu122 @M__asa4 @MnolAliM @Q__O__Q_ @emadhtim @Manal__ha @ha380650 @malak_mor @00___meme Ø­Ø§Ø´Ø§Ùƒ Ù…Ù† Ø§Ù„Ù‚ØµÙˆØ± Ø§Ø¨Ùˆ Ø¹Ù„ÙŠØ§Ø¡ ğŸŒ¹ Ù„Ø§ Ø¹Ø¯Ù…Ù†Ø§Ùƒ ÙŠØ§ Ù…Ø§Ù„ Ø§Ø®ÙˆÙƒ
2020-09-04 22:36:47+00:00,1302012760700657666,@lindadam3rda ANHAHAHAHAHAH amt
2020-09-04 22:36:41+00:00,1302012736218345472,éšæ®µãŒå¢—ãˆã‚‹æ€ªè«‡ã¯å®Œå…¨ã«ãƒãƒªã‚ªã—ã‹å‡ºã¦ã“ãªã„ã‹ã‚‰æ€–ã•ãŒã‚¤ãƒ£ãƒ¤ãƒ¤ãƒ¤ãƒ¤ãƒ¤ãƒ¤ãƒ¤ãƒ¤ãƒ¤ãƒ¤ãƒ¤ãƒƒãƒ•ãƒ¼ï¼
2020-09-04 22:35:25+00:00,1302012419305353216,"Los delincuentes de la AMT
AsÃ­ de corruptos son desde el alcalde hasta el chapita https://t.co/CfFKJajJ5b"
2020-09-04 22:35:18+00:00,1302012390427557894,"@SchindlerTR @dushanwegner dafÃ¼r wurde eine Vize bereits gekÃ¼rt. Sie entspricht den neuesten Gender und BLM Kriterien vollstÃ¤ndig.
Kamala Harris. Sie ist vorbelastet und wÃ¼rde eigenstÃ¤ndig keine Wahl gewinnen, aber als vorzeitige Nachfolgerin wÃ¤re sie schneller im Amt, als Biden Beep sagen kÃ¶nnte"
2020-09-04 22:34:31+00:00,1302012192863248386,ã‚´ãƒ¼ã‚´ãƒ¼ã‚«ãƒ¬ãƒ¼ã•ã‚“æ„›çŸ¥ã«æ¥ãªã„ã‹ãª
2020-09-04 22:32:51+00:00,1302011772627427328,"@taph_94 ãŠèª•ç”Ÿæ—¥ãŠã‚ã§ã¨ã†â˜†*ã€‚
ï½¥:*+.(( Â°Ï‰Â° ))/.:+*."
2020-09-04 22:32:05+00:00,1302011578720681984,@5PI1_ @lj1l1 @Banomr7773D @naserhusen80 @ffllu2 @20ii9 @s27k @ttt1D @_ufcx @lll8ii8 @5cn__ @2hzaz @15G__ @5zzoo @5CQ__ @7772v @55_55_ @5DDDY @g126hh @iiooi787 @YMb4__ @iAshwax @amt_145 @a4yu122 @M__asa4 @MnolAliM @Q__O__Q_ @emadhtim @Manal__ha @ha380650 @malak_mor @00___meme Ø§Ù„Ø¨Ø§Ø§Ø§Ø§Ùƒ Ø¨Ø¯Ø§ÙŠÙ‡350
2020-09-04 22:32:00+00:00,1302011558101422080,@Dana_Runge @ThomasKlineMD @goshenhawk1 Whatever happened to â€œopioid titration to analgesic effect.â€ ??? Theyâ€™re supposed to titrate opioids until it has the max amt of relief with the least Amt of s/e. The DEA has screwed us all! They need to defund that organization. The BLM says to defund police I say defund DEA!
2020-09-04 22:31:24+00:00,1302011406179418114,"ã‚¯ãƒ­ã‚¦ã€Œã¡ã‡ãƒ¼ã‚Šã¡ã‡ãƒ¼ã‚Šã¡ã‡ãƒ¼ã‚Šãƒ¼â™ªï¼ˆç´ ï¼‰ã€

ã‰ã£ã‰ãƒã€Œwwwã€

ãƒã‚¤ã€Œwwwã€

åˆ©éŸ³ã€Œ"
2020-09-04 22:31:04+00:00,1302011323354689536,@lj1l1 @lj0lj @Banomr7773D @naserhusen80 @ffllu2 @20ii9 @s27k @ttt1D @_ufcx @lll8ii8 @5cn__ @2hzaz @15G__ @5zzoo @5CQ__ @7772v @55_55_ @5DDDY @g126hh @iiooi787 @YMb4__ @iAshwax @amt_145 @a4yu122 @M__asa4 @MnolAliM @Q__O__Q_ @emadhtim @Manal__ha @ha380650 @malak_mor @00___meme ğŸ˜‚ğŸ˜‚ğŸ˜‚ Ø§ÙØ¹Ù„Ùˆ Ù„Ù‡ Ø¯Ø¹Ù… Ù„Ø­Ø§Ù„Ù‡
2020-09-04 22:29:53+00:00,1302011027291279361,"@NAmrabat53 
 #Ù…Ø±Ø§Ø¨Ø·_Ø±ÙˆØ­_Ø§Ù„Ù†ØµØ± https://t.co/w4Fszu65IG"
2020-09-04 22:29:10+00:00,1302010844021248003,@lj1l1 @Banomr7773D @naserhusen80 @ffllu2 @20ii9 @5PI1_ @s27k @ttt1D @_ufcx @lll8ii8 @5cn__ @2hzaz @15G__ @5zzoo @5CQ__ @7772v @55_55_ @5DDDY @g126hh @iiooi787 @YMb4__ @iAshwax @amt_145 @a4yu122 @M__asa4 @MnolAliM @Q__O__Q_ @emadhtim @Manal__ha @ha380650 @malak_mor @00___meme Ø§Ù„ÙˆØ§Ø³Ø·Ø© Ù‚ÙˆÙŠØ© Ø¬Ø¯Ø§.
2020-09-04 22:28:55+00:00,1302010784613109762,"@atrupar Total ğŸª  today, disguised as a 'briefing'.

No amt of ego stroking could mask that he's tired, defeated &amp; pathetic.

Ranting and raving about hoaxes and witch hunts... Everyone else is a liar...
Also seemed extra 'medicated' today.

Total PASS on 4 more years of this ğŸ’© show."
2020-09-04 22:28:51+00:00,1302010767848484865,@Dana_Runge @ThomasKlineMD @goshenhawk1 Thatâ€™s just stupid that some drs wonâ€™t give the bolus fx too. I have a friend with CRPS and they told her that her pump is giving her the max Amt of meds and she canâ€™t have a bolus. Idk if there is a max amt of meds with the pump but I wouldnâ€™t think there would be.
2020-09-04 22:28:16+00:00,1302010619026173956,@11Pinheirox Amt
2020-09-04 22:27:55+00:00,1302010532510273539,@lj1l1 @g126hh @naserhusen80 @lj0lj @ffllu2 @20ii9 @5PI1_ @s27k @ttt1D @_ufcx @lll8ii8 @5cn__ @2hzaz @15G__ @5zzoo @5CQ__ @7772v @55_55_ @5DDDY @iiooi787 @YMb4__ @iAshwax @amt_145 @a4yu122 @M__asa4 @MnolAliM @Q__O__Q_ @emadhtim @Manal__ha @ha380650 @malak_mor @00___meme Ù…ÙˆÙÙ‚ÙŠÙ† Ø¬Ù…ÙŠØ¹Ø§ ......
2020-09-04 22:27:51+00:00,1302010516496420864,@lj1l1 @lj0lj @ffllu2 @20ii9 @5PI1_ @s27k @ttt1D @_ufcx @lll8ii8 @5cn__ @2hzaz @15G__ @5zzoo @5CQ__ @7772v @55_55_ @5DDDY @g126hh @iiooi787 @YMb4__ @iAshwax @amt_145 @a4yu122 @M__asa4 @MnolAliM @Q__O__Q_ @emadhtim @Manal__ha @ha380650 @malak_mor @00___meme ÙŠØ³Ù„Ù…ÙˆÙˆÙˆ Ø§Ø¨Ùˆ Ø¹Ù„ÙŠØ§ Ø£Ù„Ù Ø´ÙƒØ± Ø¹Ù„Ù‰ Ø¯Ø¹Ù…Ùƒ Ø§Ø³Ø¹Ø¯Ùƒ Ø§Ù„Ù„Ù‡ ÙŠØ§ ØºØ§Ù„ÙŠ ğŸŒ¹ğŸŒ¹ğŸŒ¹ğŸŒ¹ğŸŒ¹ğŸŒ¹
2020-09-04 22:27:48+00:00,1302010501157642240,@Banomr7773D @lj1l1 @naserhusen80 @ffllu2 @20ii9 @5PI1_ @s27k @ttt1D @_ufcx @lll8ii8 @5cn__ @2hzaz @15G__ @5zzoo @5CQ__ @7772v @55_55_ @5DDDY @g126hh @iiooi787 @YMb4__ @iAshwax @amt_145 @a4yu122 @M__asa4 @MnolAliM @Q__O__Q_ @emadhtim @Manal__ha @ha380650 @malak_mor @00___meme Ù„Ø§ ØªØ¶ÙŠØ¹ Ø§Ù„ÙŠÙˆØ²Ø± Ø£Ø®ÙŠ Ø£Ø¨Ùˆ Ø¹Ù„ÙŠØ§Ø¡.
2020-09-04 22:27:40+00:00,1302010469725736963,I have a question @USPS. Why charge the same amount for delivery when you know the package will be delayed? My package has literally been sitting where I left it on Wednesday.  I could have walked it to it's destination but needed tracking info. Charge 50% and not usually amt.
2020-09-04 22:27:06+00:00,1302010324661538818,@NAmrabat53 Ø§Ù„Ù„Ù‚Ø·Ù‡ Ø¹Ø§Ø¯ÙŠÙ‡ ÙŠØ§ ÙƒØ§Ø¨ØªÙ† ÙˆØ§Ù†Øª Ø§ÙƒØ¨Ø± Ù…Ù† ØªÙÙƒÙŠØ± Ø§Ù„Ù…ØªØµÙŠØ¯ÙŠÙ†
2020-09-04 22:26:32+00:00,1302010184026517507,"@PolizeiSachsen @immer_mit_Rad 13 kmh sind nicht ""geringfÃ¼gig"". Und was lernen die Leute? ""13 kmh zu schnell ist vÃ¶llig ok, hat die Polizei gesagt"". Welchen Erziehungseffekt soll das haben? Ist das schon Strafvereitelung im Amt?"
2020-09-04 22:26:25+00:00,1302010154926387207,@mptkaldas Amt
2020-09-04 22:26:09+00:00,1302010086387257344,"@lj1l1 @naserhusen80 @lj0lj @ffllu2 @20ii9 @5PI1_ @s27k @ttt1D @_ufcx @lll8ii8 @5cn__ @2hzaz @15G__ @5zzoo @5CQ__ @7772v @55_55_ @5DDDY @g126hh @iiooi787 @YMb4__ @iAshwax @amt_145 @a4yu122 @M__asa4 @MnolAliM @Q__O__Q_ @emadhtim @Manal__ha @ha380650 @malak_mor @00___meme Ù„ÙŠØ´ Ø§Ù„ÙŠÙˆØ²Ø± ØªØ¨Ø¹ÙŠ Ø¶Ø§ÙŠØ¹  Ø§Ø¨Ùˆ Ø¹Ù„ÙŠØ§Ø¡ 
Ù‡Ø°Ø§ Ø§Ù„Ø¹Ø§Ø´Ø± Ø¯Ø¹Ù…"
2020-09-04 22:25:59+00:00,1302010046633607171,"@lrenedoll thats exactly the point! by adding cereal first you are more prone to overpouring because you cant actually see how much milk is in the bowl, the cereal is blocking your vision. you need to pour the milk first and then add the appropriate amt of cereal, you can always add more ğŸ˜"
2020-09-04 22:25:26+00:00,1302009907550597121,@amt_64 ã‹ã£ãªã´
2020-09-04 22:23:45+00:00,1302009483560976396,@notaureum Amt
2020-09-04 22:19:27+00:00,1302008399480197131,Lave as mÃ£os com frequÃªncia. Agora Ã© um bom momento para isso! #CoronaVÃ­rusNoBrasil
2020-09-04 22:18:47+00:00,1302008233872306182,Ù…ØµÙŠØ¨Ù‡ Ø§Ù„Ø­Ù„Ø§ÙÙŠ Ø¬Ø§Ù„Ø³ Ø¹Ù„Ù‰ Ø¬ÙˆØ§Ù„Ù‡ ÙÙŠ Ù…Ø¨Ø§Ø±Ø§Ù‡ ØªØ­ØµÙŠÙ„ Ø­Ø§ØµÙ„ !! https://t.co/RsHZ4goEA0
2020-09-04 22:18:34+00:00,1302008177756602373,"@lj1l1 @naserhusen80 @lj0lj @ffllu2 @20ii9 @5PI1_ @s27k @ttt1D @_ufcx @lll8ii8 @5cn__ @2hzaz @15G__ @5zzoo @5CQ__ @7772v @55_55_ @5DDDY @g126hh @iiooi787 @YMb4__ @iAshwax @amt_145 @a4yu122 @M__asa4 @MnolAliM @Q__O__Q_ @emadhtim @Manal__ha @ha380650 @malak_mor @00___meme Ø­Ø³Ø§Ø¨Ù†Ø§ Ù„Ø°Ø§ÙƒØ±ÙŠÙ† (#al_dhaakirin) .. Ù†Ù†Ø´Ø± ÙÙŠÙ‡ Ø¨Ø§Ø°Ù† Ù„Ù„Ù‡ ÙƒÙ„ Ù…Ø§ ÙŠØ±Ø¶ÙŠ Ø§Ù„Ù„Ù‡ Ùˆ Ø±Ø³ÙˆÙ„Ù‡ ÙˆÙÙŠÙ‡ Ù…Ù†ÙØ¹Ù‡ Ù„Ø´Ø¨Ø§Ø¨ Ø§Ù„Ø§Ù…Ù‡ Ùˆ Ø§Ù„Ø§Ø®ÙˆÙ‡ ÙØ§Ù„Ù„Ù‡ ÙˆØ§Ù„Ø¯ÙŠÙ† .. 

Ø§Ø±Ø¬Ùˆ Ù…Ù†ÙƒÙ… Ø¯Ø¹Ù…Ù†Ø§ ÙˆÙ„ÙƒÙ… Ø§Ù„Ø£Ø¬Ø± Ùˆ Ø§Ù„Ø«ÙˆØ§Ø¨ ..

-- ØªÙ… Ù…ØªØ§Ø¨Ø¹Ø© Ø§Ù„Ø¬Ù…ÙŠØ¹ âœ‹ğŸŒ¹.."
2020-09-04 22:17:47+00:00,1302007982637625353,"1) You want to build a second brain (BASB) simply cause the amt of info you consume is only going to increase. We consume ~34gb of info or ~100,000 words per day. How do we increase our understanding, insight, and knowledge with this, over time? -&gt; Temporal leverage."
2020-09-04 22:16:36+00:00,1302007683956998145,"ØªØ§Ø¨Ø¹ÙˆÙ‡Ø§

@naserhusen80

@lj1l1
@lj0lj
@ffllu2
@20ii9
@5PI1_
@s27k
@ttt1D
@_ufcx
@lll8ii8
@5cn__
@2hzaz
@15G__
@5zzoo
@5CQ__
@7772v
@55_55_
@5DDDY
@g126hh
@iiooi787
@YMb4__
@iAshwax
@amt_145
@a4yu122
@M__asa4
@MnolAliM
@Q__O__Q_
@emadhtim
@Manal__ha
@ha380650
@malak_mor
@00___meme"
2020-09-04 22:15:07+00:00,1302007310852796422,AHHH ITS SO HOT &gt;:000 But i got my blankets in the wash and im just abt done packing!!!! Uh!!! and my rooms clean i think i overestimated the amt of time i needed to do everything
2020-09-04 22:14:54+00:00,1302007255529934849,"Any recs 4 high accuracy/low error rate, affordable transcription svcs? Am paying OOP to transcribe what will likely amt to 4000+ min of interview data for my diss. Already have 900 min &amp; barely 1/5 of way thru interviews. @AcademicChatter #AcademicTwitter #phdchat #research"
2020-09-04 22:12:20+00:00,1302006611431567360,@_TheLastRose_ Ob das Amt die Wohnung befÃ¼rwortet
2020-09-04 22:11:54+00:00,1302006499980513286,@qualoformato AMT
2020-09-04 22:11:51+00:00,1302006488903430145,"Pesimo servicio @amt , @elcomerciocom https://t.co/xoS57dyaep"
2020-09-04 22:05:40+00:00,1302004932611104773,the amt of work that needed 2B done this wk to prepare for returning to school(in a new way) was unimaginable. but i cannot wait to be back
2020-09-04 22:05:08+00:00,1302004798707949568,@amt_Lucia å¹³å’Œã‚²ãƒ¼ãƒ 
2020-09-04 22:03:28+00:00,1302004377394253825,"txt must be really busy right now, we barely get TAEHYUNğŸŒŸ nowadays... although he went on weverse once a few hrs ago. still miss him. i hope theyâ€™re all getting an adequate amt of restğŸ¥º @TXT_members"
2020-09-04 22:01:56+00:00,1302003992298500099,"@sthefannyff TÃ´ em amt ainda , itz estÃ¡ podendo sim , muito feliz por isso rsrs"
2020-09-04 22:01:29+00:00,1302003880520286211,ã‰ã£ã‰ãƒã€Œï½³ï½ªï½ªï¾ï½ï¾ï½¤ï½±ï¾Šï½°ï¾Šï½§ï½°ï¾ï¼ˆå·æ³£ï¼‰ã€
2020-09-04 22:00:38+00:00,1302003665935400963,"@DianeArrambide1 @SteveCornette That came out backwards, as Gordon's been susp at least 10X the total amt of Randy ğŸ’¯ğŸ™„ Just phrased it poorly ğŸ‘€"
2020-09-04 22:00:28+00:00,1302003621194858499,So go after addicts and some poor folks over minuscule amt of money https://t.co/CZGFeRqVbg
2020-09-04 22:00:05+00:00,1302003528848859139,@lostgirl_sz amt
2020-09-04 21:59:26+00:00,1302003364247543809,"@a_anarkitty @IzzyBoo1965 @GramsciFag69 @Tiff_thompson87 @balleralert dude they dont want the fcking house, they just want the shelter in the fcking house. if they like the house so much, ask to buy it from the landlord or smth.
and as i have told u alrdy: everyone gets something, so why is the amt of tenants an issue?
its how they get money."
2020-09-04 21:58:56+00:00,1302003236321329158,@jessyylnp amt
2020-09-04 21:58:31+00:00,1302003133112111104,"My god, Doyle just got himself infinite headspace in Glasgow, rent-free. I am in awe. 

(And for the record, the vitriolic reactions from across the pond only signal that they know heâ€™s not far off the mark here) https://t.co/ba3xEOIaUD"
2020-09-04 21:58:14+00:00,1302003059745337346,Historietas de la AMT... https://t.co/TwYuAQ8uc6
2020-09-04 21:56:41+00:00,1302002670740307970,"@DianeArrambide1 @SteveCornette Damned straight he better, bcos the amt of time's he's been susp is nothing compared to poor Randy; all bcos he's a #Cowboy ğŸ˜ "
2020-09-04 21:55:51+00:00,1302002459599142913,@Berticiaco65 @profsked That is not decided by the drug companies but by NICE in the main and I agree TOTALLY UNFAIR. Charities raise an enormous amt that goes to research.
2020-09-04 21:55:36+00:00,1302002397036851207,æ­¢ã¾ã£ã¦ãã‚Œå›£é•·
2020-09-04 21:54:35+00:00,1302002144753725440,"If, U.S.-based pension funds were to allocate 5% #Gold across the boards,over $1.12 Trillion would suddenly enter the market the equivalent of almost 17,500 tonnes @ current prices &amp; an amt. equal to 1/2 central banksâ€™ reserves. That might have motivated Buffettâ€™s interest."
2020-09-04 21:54:03+00:00,1302002007239204864,"æ„Ÿè¦šãŒç›¸å½“éº»ç—ºã—ãŸã®ã‹ã€KV290Ã—ã‚¢ãƒªã‚½ãƒ³ATãŒã¨ã¦ã‚‚ç§€é€¸ãªè»Šã«èã“ãˆã‚‹
ã„ã‚„å®Ÿéš›ã‚¯ã‚½AMTã«æ¯”ã¹ã‚Šã‚ƒå„ªç­‰ç”Ÿã‚„ã‘ã©"
2020-09-04 21:53:22+00:00,1302001835310551041,"@MattDoyle76 You fucking beautiful man, you. https://t.co/a3WElz4d4i"
2020-09-04 21:53:01+00:00,1302001750430359559,@jeonisakook ta quase amg KKKKKKK AMT CURTO
2020-09-04 21:52:14+00:00,1302001549820989443,@taliozin A mina percebeu que era rexona?
2020-09-04 21:49:34+00:00,1302000879336411136,ã‚‚ã†æœ¬äººã‚ˆã‚Šãƒ•ãƒªãƒ¼ã‚¸ã‚¢æ­Œã£ã¦ã‚“ã˜ã‚ƒãªã„ã‹â€¦ï¼Ÿ
2020-09-04 21:49:27+00:00,1302000851884683270,Chame a pessoa mais velha que vocÃª conhece para lavar as mÃ£os! #CoronaVÃ­rus
2020-09-04 21:47:14+00:00,1302000292196687872,"I canâ€™t believe we have 166 episodes wow. Iâ€™ve been on 164 of them..about an hour each, which means Iâ€™ve  recorded for almost a week of my life, a week well spent chasing my dream...far from reaching it, but feels good to have this amt. of work done so far #progress"
2020-09-04 21:41:56+00:00,1301998958806478849,@ritapina11 amt lolğŸ˜¡ğŸ’—
2020-09-04 21:39:58+00:00,1301998466261016576,@WmDeanFrench @JoeBiden I think I will because I have friends who are not political and who are trying to overcome things.  But I am going to try to do way less.  And it would be late Jan because he has that amt of time to destroy the world.
2020-09-04 21:39:35+00:00,1301998368089092101,@LoroHomero por favor reconsidere a su equipo de trabajo @juanmaguirre1 ejerce una gestiÃ³n deshonrosa. Muchos hemos sido vÃ­ctimas de las cuotas para su Ã©l y sus amigos. Un secreto a voces la corrupciÃ³n en AMT. https://t.co/bCTC4ii6Ym
2020-09-04 21:38:20+00:00,1301998054925627393,"St Rep. M.Kenyatta PA(D)ripped n2 state GOP lawmakers on Tues for making it harder to vote. PA House GOP are pushing forward an amendment that would ban the use of ballot drop boxes..and shorten the amt of time given to process mail-in &amp; absentee ballots. 
https://t.co/w78rVvwPw1"
2020-09-04 21:37:45+00:00,1301997905805545472,I canâ€™t stress enough if you are unsure. Sitting tight is a plan. Do not pay attn to me or anyone. Iâ€™m playing with lots of house money here. Not a flex I just have an afforded amt I can lose b4 I tap out. Again. If you canâ€™t lose. Donâ€™t play.
2020-09-04 21:35:47+00:00,1301997412869902338,I would support a bill that only allowed publicly funded schools to teach facts not opinions. That would cut out an enormous amt of BS from both sides. Children don't learn anything unless a super majority of ppl agree it is true. https://t.co/uAIRfDaiPu
2020-09-04 21:35:04+00:00,1301997229700509696,"@Menusky @Sheri_wo_nums @pacneil @azoceanblue @RBReich debating if l/t min wage employment is real issue

It's not. A/o with competence will progress past that in US

Venezuela, Cuba etc. they won't. 

Amzn produced an incredible amt of jobs/productivity for the economy. Let's not let petty envy get in way of common sense"
2020-09-04 21:34:51+00:00,1301997175929532423,"@reitschuster Wer solche antidemokratische Symbole trÃ¤gt, gehÃ¶rt in kein Ã¶ffentliches Amt!"
2020-09-04 21:34:05+00:00,1301996982467268615,@constanca_r21 @ruben_cruzzz amt lolğŸ¥º
2020-09-04 21:33:36+00:00,1301996861507633154,ã‚ã¾ã¨ã†æ°ã­
2020-09-04 21:33:12+00:00,1301996760731185153,"conservatives be like: how dare u kneel during the national anthem ur spitting on the graves of those who fought for our lives ğŸ˜¡

whole time theyâ€™re calling us pansies for complaining abt anti-homeless structures and policies ... a decent amt of which â€œfought for our livesâ€"
2020-09-04 21:32:39+00:00,1301996623527018496,"#Movilidad l ğŸ‡ªğŸ‡¨ğŸš«âœ‹ğŸš—ğŸšŒğŸğŸ‘®â€â™‚ï¸
COE Nacional mantiene restricciÃ³n de circulaciÃ³n y AMT los controles
https://t.co/ZMaJhKCDEw

#AutoMagazineEc #COENacional #Ecuador #RestricciÃ³nVehicular #DMQ #AMT #EmergenciaSanitaria #Covid19 #Coronavirus #ToqueDeQueda #Controles  #Sanciones #Quito https://t.co/hP4v1TdoFa"
2020-09-04 21:31:24+00:00,1301996308719259648,ã‰ã£ã‰ãƒã€Œï½±ï¾‹ï½¨ï¾ï½¯!!ï¼ˆæ³£ï¼‰ã€
2020-09-04 21:31:22+00:00,1301996298682478598,"Triste e de TPM, pÃ©ssima sexta"
2020-09-04 21:31:14+00:00,1301996264935088130,@_wtv_babe amt
2020-09-04 21:30:23+00:00,1301996053248593920,@wallyxsama Of course! ğŸ¥°ğŸ’•ğŸ’œ
2020-09-04 21:28:02+00:00,1301995462644375552,@leanZlmao Amt amt amt
2020-09-04 21:23:43+00:00,1301994376365834241,@R3na_to @mafsxn Amt
2020-09-04 21:22:55+00:00,1301994171604099074,"@DanDean66688317 @jimmyofflagstaf @realDonaldTrump I couldn't do for any amt of $$. If she left him now, she could hold her head high, be respected, help &amp; lead America to the right path. Staying with him makes her complicit &amp; a golddigger. She has choices &amp;: she's choosing money."
2020-09-04 21:22:13+00:00,1301993996336730116,@itsmecsdlg @chloe_amt Au moins on est mignonne.
2020-09-04 21:21:08+00:00,1301993726567485440,@biancaishigh ğŸ˜­ğŸ˜­ğŸ˜­amt
2020-09-04 21:20:50+00:00,1301993647185985536,@lostgirl_sz amt mt mt ğŸ˜­
2020-09-04 21:19:34+00:00,1301993331162066944,LAVE AS MÃƒOS. AGORA! #CoronaVÃ­rus
2020-09-04 21:12:52+00:00,1301991644267413510,@biiasampaio3 Mais q bela menina https://t.co/K5gh0OAQXv
2020-09-04 21:12:33+00:00,1301991562591662080,"æ˜¨æ—¥ã€ãŠè…¹ç—›ãã¦ã€
ãã£ã¨ã€æš‘ã•ã¨ã‹ã§ã€
åã„ã¦ã—ã¾ã£ãŸâ†¯ï¸ â†¯ï¸ğŸ¥ºğŸ’¦

ãªã®ã§ã€æ˜¨æ—¥ã‚‚ã€
ã‚ã¤æ£®ã€ã‚¸ãƒ¥ãƒ³ãã‚“å³é¸ã€
å‡ºæ¥ãªã‹ã£ãŸã§ã™ğŸ¥ºğŸ’¦

ä»Šæ—¥ã€è²·ã„ç‰©ã—ã¦ã€
å¸°ã£ã¦ããŸã‚‰ã€ã©ã†ã‹ã§ã€
ã‚ã¤æ£®ã—ã‚ˆã†ã‹ãª~~~à¸…â€¢Ï‰â€¢à¸…

ã‚ã¤æ£®ãªã‚‰ã€ãƒ¯ãƒ³ãƒãƒ£ãƒ³ã€
é…ä¿¡å‡ºæ¥ã‚‹ã‹ã‚‚ã ã‘ã©ğŸ¥ºğŸ’¦

13æ—¥ã¾ã§ã€é•·ã„~~~ğŸ’¦"
2020-09-04 21:11:52+00:00,1301991392013680645,@sven_kindler @AndiScheuer @fragdenstaat @transparency_de @lobbycontrol @BWassertisch @_verdi @gemeingutorg @Attacd @Privatisierung @campact Warum nochmal ist dieser @AndiScheuer noch im Amt? Das versteht niemand mehr.
2020-09-04 21:11:33+00:00,1301991313752166400,@biiasampaio3 @ourtakashi ğŸ‘‰ğŸ‘ˆ
2020-09-04 21:11:07+00:00,1301991202389209095,@jamaisluke infelt that ): the amt of dreams ive had that involve me hugging joon makes me so ):
2020-09-04 21:10:45+00:00,1301991112232644608,"Weâ€™re excited to introduce #featurefriday, a weekly introduction to the members of the AMTdirect team!

First up is Brandon, an avid hiker who has climbed 423 mountains! Brandon's favorite part of working at AMTdirect is ""definitely the camaraderie, I love working with my team!"" https://t.co/EcIHkdpKN1"
2020-09-04 21:10:09+00:00,1301990961208266752,"If a person doesn't have savings and a clear plan of how it will pay for their personal retirement, they count on YOU to provide for them.

We ALL count on each other to a certain extent.

The first part shows the beginning  line of how much, consideration amt shows love of gov't"
2020-09-04 21:09:35+00:00,1301990817716867072,@HouseDemocrats Actually I'm being too modest. Without touching my deductible I'm looking at 40% of my annual income goes to healthcare as a person heath issues. That's what you consider a victory? When I was covered by an employer the amt was the same. $250/mo was taken from my paycheck.
2020-09-04 21:09:28+00:00,1301990789837393920,"@Georg_Pazderski Die jetzige Regierung, die auch 2015 im Amt war, hat klÃ¤glich  versagt"
2020-09-04 21:07:58+00:00,1301990411699916802,@lwelw ğŸ¤â¤ï¸ğŸ¥°
2020-09-04 21:06:39+00:00,1301990081620783105,@amt_nfc Ù…Ø³ØªØ­ÙŠÙ„Ù‡ğŸ˜…
2020-09-04 21:06:07+00:00,1301989943955337217,@lwelw Ù…Ø§Ù†Ø³ÙŠØªğŸ’ªğŸ» https://t.co/acZhe6mwoF
2020-09-04 21:05:56+00:00,1301989900661731338,"Er ist der â€KÃ¶nig von Mallorcaâ€œ: JÃ¼rgen Drews. Doch die Nachricht Ã¼ber die Reisewarnung, die das AuswÃ¤rtige Amt fÃ¼r Mallorca ausgesprochen hat, scheint den Regenten eher weniger hart getroffen. Im Gegenteil.
Denn  #Abrechnung #JÃ¼rgenDrews #Mallorca https://t.co/yeyS5JgWKx https://t.co/jJ56d59mAy"
2020-09-04 21:04:17+00:00,1301989485719232514,"@sueatcraven @rosaltmann 1 lady not protests re poor women with inequality  inequality
2and now PLewis says and it is very very true:
The nSP is Â£9110 a year the old SP is Â£6981. That differential is growing and needs addressing.7:45 AM Â· Jun 17, 2020  
And Pcredit is not StatePension amt needed Â£175 min"
2020-09-04 21:04:03+00:00,1301989426596323332,@liliresende04 O pior Ã© mesmo as sobrancelhas ğŸ˜¥. Amtâ¤ï¸
2020-09-04 21:03:33+00:00,1301989299689320448,[VIDEO] Fabian Blu Ft. Naira Marley &amp; Mohbad â€“Â Instagram https://t.co/HPsNW1Bynj
2020-09-04 21:01:52+00:00,1301988877675233287,@Om07J ØªÙ…Ø§Ù…
2020-09-04 21:01:48+00:00,1301988858058346496,"@amato_dayooo ã“ã‚“ãªã«é…ãã¾ã§ãŠç–²ã‚Œã•ã¾ã§ã™ğŸ™‡ğŸ™‡
ã‚†ã£ãã‚Šä¼‘ã‚“ã§ãã ã•ã„ã­(*ï¾Ÿâˆ€ï¾Ÿ)ã¤ğŸµ"
2020-09-04 21:01:23+00:00,1301988753305526272,"åˆ©éŸ³ã€Œãƒã‚¤ã¯ã‚¿ãƒ“ãƒ¼ã‚«ã‚¹ã‚¿ãƒ¼ãƒ‰ã‚’é£Ÿã¹ãŸãã‚ã‚Šã¾ã›ã‚“ã€ãªãŠã‹ã‚ŒåˆåŒèªŒãŒèª­ã¿ãŸã„ã®ã§ã™ã€

ãƒã‚¤ã€Œã‚‚ã†è²·ã£ãŸã‚ã€"
2020-09-04 20:59:56+00:00,1301988389491703809,@zeu_89 ÙŠØ§Ø±Ø¨ Ø§Ù„Ù„ÙŠ ÙØ¨Ø§Ù„ÙŠ ÙˆØ¨Ø§Ù„Ùƒ ÙŠØµÙŠØ±
2020-09-04 20:59:53+00:00,1301988374916534272,Ø­ØªÙ‰ Ø¨ÙŠÙˆÙ… Ø§Ù„Ø£ÙˆÙ ğŸ’ªğŸ» https://t.co/t1e7O5zyUH
2020-09-04 20:59:34+00:00,1301988298664140800,@amt_nfc ÙŠØ³
2020-09-04 20:59:26+00:00,1301988264950329352,@amt_nfc Ø§Ù„Ø«Ù„Ø§Ø«Ù‡ Ù…Ø¨Ø§Ø´Ø±Ù‡ Ù…Ø§Ø¹Ø§Ø¯ ÙÙŠÙ‡ Ù…Ù„Ø­Ù‚
2020-09-04 20:58:55+00:00,1301988132401942530,@Om07J Ø§Ù„Ø«Ù„Ø§Ø«Ù‡ ÙŠÙ‡Ø¨Ø·ÙˆÙ† Ù…Ø¨Ø§Ø´Ø±Ù‡ ØŸ
2020-09-04 20:58:45+00:00,1301988090442063874,"@beamtenkanzlei @jrnsg @tofreudenberg @Richterbund Vorerst ist von der vorhandenen Hierarchien auszugehen. â€Zu wenigâ€œ ist es mE daher schon dann, wenn der Abstand zum nÃ¤chst â€niedrigerenâ€œ Amt und beim am geringsten besoldeten Amts zu ALG II zu gering ist."
2020-09-04 20:58:19+00:00,1301987982862413826,@amt_nfc 3 ÙˆÙŠØµØ¹Ø¯ 3
2020-09-04 20:57:35+00:00,1301987798271045632,AMERICAN TOURISTER SWAGPACK 2019 AMT POP NXT BP 04Â Backpack https://t.co/xier8PtnnU
2020-09-04 20:57:28+00:00,1301987770190180352,"""Russischer Botschafter ins AuswÃ¤rtige Amt einbestellt â€“ Maas fordert AufklÃ¤rung von Fall Nawalny""
https://t.co/xMd9QTv301"
2020-09-04 20:57:25+00:00,1301987754365071361,@natural_bra Du bekleidest das Amt der homo oeconomicus
2020-09-04 20:56:16+00:00,1301987465876713479,Ø§Ù„Ø­ÙŠÙ† ÙÙŠ Ø§Ù„Ù‡Ø¨ÙˆØ· ÙƒÙ… Ù†Ø§Ø¯ÙŠ ÙŠÙ‡Ø¨Ø· Ù…Ø¨Ø§Ø´Ø±Ù‡ ØŸ
2020-09-04 20:54:42+00:00,1301987073243709440,@kimontare DE TAL PALO ...TAL ASTILLA.....DE TAL ALCALDE....TAL AMT...
2020-09-04 20:54:24+00:00,1301986995137372161,"@Why_Feeh Tbm tÃ´ procurando amg, se vc achar me manda pfv amt"
2020-09-04 20:53:58+00:00,1301986886529871872,"i wish ppl would drop the whole ""u can do anything if u try hard enough!!"" thing. im so sick of listening to butthurt artists lecture me cuz i said i couldnt draw. i have dyspraxia mate, no amt of practice will make my hands work right. cmon man"
2020-09-04 20:49:57+00:00,1301985878085120000,"@PreislerKa @c_lindner @FDP_MV Also wenn ich nur aufgrund des Fotos raten mÃ¼sste, wer das hÃ¶here Amt inne hat, dann wÃ¼rde ich eindeutig auf Sie tippen. Allein das schÃ¶ne Rot strahlt schon so. Und Herr Lindner nur in so einer unauffÃ¤lligen ""Wandfarbe"" ğŸ˜…"
2020-09-04 20:49:27+00:00,1301985750611886080,PARADA ESTRATÃ‰GICA PARA LAVAR AS MÃƒOS! Vai lÃ¡ lavar e avisa alguÃ©m pra ir tambÃ©m! Espalhe a mensagem! #CoronaVÃ­rusNoBrasil
2020-09-04 20:49:25+00:00,1301985744710520832,"@Ms_canukresists Back in spring bought 1 yr's worth of naturally produced local Ontario meat, fish, veggies, fruit &amp; cleaning products. Now that my 80yo+ mum has decided to return to Calif for the winter I will have a considerable amt of food etc left...will be watching the consumption carefully."
2020-09-04 20:48:25+00:00,1301985491626135554,@microtutti @blue2connected @bbpt2020 @BrocherTina @mundoidiau @BB20Observador Amt tutti
2020-09-04 20:48:06+00:00,1301985410176909314,"@hib_Nachrichten @DaniLudwigMdB Das Ludwig (LÃ¼gwig) neue Propaganda beauftragte der CSU. 
Als Drogenbeauftragte total versagt wegen null Qualifikationen.
Ein Amt bekleiden funktioniert nicht und das ist auch gut so.
Die qualifikation Alkohol zu konsumieren ist nicht zureichend und nicht zu empfehlen. KICK OUT"
2020-09-04 20:46:27+00:00,1301984998011080704,@MrJonasDanner @Steinhoefel Trump hat Argumente? Also ein Wahlkampfprogramm hat er jedenfalls nicht. AuÃŸer im Amt zu bleiben.
2020-09-04 20:45:30+00:00,1301984757828313088,"@mlkhattar @DHBV à¤¯à¥‡ à¤¹à¥ˆ à¤®à¥‡à¤°à¥‡ 2 à¤®à¤¹à¥€à¤¨à¥‡ à¤•à¤¾ à¤¬à¤¿à¤² à¤œà¥‹ à¤•à¤¿ 1 à¤ªà¤‚à¤–à¤¾ 1 à¤•à¥‚à¤²à¤°,,,PLEASE PAY YOUR ELECTRICITY BILL FOR
ACCOUNT NUMBER:G22BH147576
BILL AMT:5897.00
BILL DATE:03/09/2020
SURCHARGE:174.00
DUE DATE:21/09/2020
BILL AMT AFTER DUE:6071.00"
2020-09-04 20:43:47+00:00,1301984326226042880,"èµ·ããŸã‘ã©ã•ã™ãŒã«2æ™‚é–“ã—ã‹å¯ã¦ãªã„ã®ã¯æ­»ãªã®ã§ã‚‚ã†å°‘ã—å¯ã¾ã™

å¯ã‚Œã‚‹ã‹çŸ¥ã‚‰ã‚“ã‘ã©"
2020-09-04 20:41:53+00:00,1301983847123476485,@rsaragaco @blue2connected @bbpt2020 @BrocherTina @mundoidiau @BB20Observador ğŸ˜” amt
2020-09-04 20:40:58+00:00,1301983618198274058,@MedlinPayton the amt of talent ğŸ˜ğŸ˜ğŸ˜ğŸ˜â€¼ï¸â€¼ï¸
2020-09-04 20:40:50+00:00,1301983584656465921,@GapoMatilde Amtâ¤ï¸
2020-09-04 20:38:50+00:00,1301983081084190728,@amt_14 Ø¬Ø²Ø§Ùƒ Ø§Ù„Ù„Ù‡ Ø®ÙŠØ± ÙÙŠÙ† Ø§Ù„Ø´Ø¨Ù‡Ø©ØŸ
2020-09-04 20:36:47+00:00,1301982563054096389,@colorblindshitt amt
2020-09-04 20:36:25+00:00,1301982470053613570,@khushbookadri Aj sabun nhi bna rhi ho kya DOC. ğŸ˜‚ğŸ˜‚
2020-09-04 20:35:45+00:00,1301982302231121920,@khushbookadri Nahhh ENG win easily..
2020-09-04 20:35:37+00:00,1301982270451056641,Their is something fraud happen with me guys they charges 494/- @yycash finance loan app but loan amt not yet debited to my account.
2020-09-04 20:35:08+00:00,1301982147625005057,@malandrosx Amt Ju
2020-09-04 20:33:35+00:00,1301981756866859008,@WestedDavid @kiki_cliff @investinfilms @ForlornInLove @Atiwich12 @MelanieLorimor @Mvm68457824 @realamberheard amber was/is friends with james franco and amt schumer who are both alleged rapists. i donâ€™t think you want to go there with cherry picking who johnny is friends with.
2020-09-04 20:33:17+00:00,1301981684343111681,"@geovy1985 @AMTQuito @teleamazonasec @TVCElComercioTv @pamozaec @DavilaAurelio pero...por q ponen la imagen con mosaicos??? ambas partes dan vergÃ¼enza, seguro q ellos se rien de los q cumplen las leyes, asi q deberÃ­an mostrar los rostros de lo q se creen muy sapos o sabidos, q se saben las de kiko y kako, y q AMT sepa la clase de agentes q tiene"
2020-09-04 20:32:32+00:00,1301981495226114048,"the amt of serotonin i got from seeing my alerts at 99+ when i opened tumblr was astronomical, bless dteam tumblr yâ€™all make my day"
2020-09-04 20:32:26+00:00,1301981470538563589,amt @ sza
2020-09-04 20:32:07+00:00,1301981390247006208,"@gublerjj @operationlibero @Wochenzeitung Es bestimmt nicht die EU. Es bestimmt der Arbeitsmarkt. Neu wÃ¼rde wieder das Amt, die BÃ¼rokratie, die Fremdenpolizei bestimmen."
2020-09-04 20:31:22+00:00,1301981200639115264,"ãƒã‚¤ã€Œä¸‰æ–‡å­—ã§è¨€ã„è¨³ã—ã¦ã¿ã‚ã€

ã‰ã£ã‰ãƒã€Œã”ã‚ã‚“ã€"
2020-09-04 20:31:12+00:00,1301981160113803264,ã€å¤§å–œåˆ©ã€‘ãã‚“ãªã“ã¨ã‚ˆã‚Šã©ã‚Œã ã‘ç”˜å…šãªã‚“ã‹ãã‚Œã‚’èã‹ã›ã¦ãã‚Œã‚„ï¼ #og_amt
2020-09-04 20:30:57+00:00,1301981095932686343,"Sex im Gericht, Erpressung: Unfassbar, was diese Richterin im Amt alles getrieben hat (via @express24) https://t.co/MhHGUOVrsS"
2020-09-04 20:29:36+00:00,1301980755640422400,@mante Questo bagno Ã¨ un test di sopravvivenza.
2020-09-04 20:28:46+00:00,1301980545279234050,non smetto piÃ¹ di ridere https://t.co/6ulJEM4IKK
2020-09-04 20:27:55+00:00,1301980332330287105,@FrankG16749979 @MisterErrorr Einfach wieder Einfall von zu lange im Amt
2020-09-04 20:27:49+00:00,1301980306556280832,"@havegoodtravels @AabergSam heâ€™s got a point, a cold plum that is just the right amt of ripe is literally the best thing to exist"
2020-09-04 20:25:00+00:00,1301979596334575616,2æ™‚é–“ãã‚‰ã„å¯ã¦ç›®ãŒè¦šã‚ã¦ã‚¹ãƒãƒ›æ§‹ã£ã¦ãŸã‚‰çœ æ°—è¦šã‚ã¦ã—ã¾ã„æ°—ä»˜ã„ãŸã‚‰æœ
2020-09-04 20:24:00+00:00,1301979348459753472,"@rplantiko @beibootpetri03 Was ich einfach nicht verstehe ... was bringt die dazu zu glauben, so ein Zinober wÃ¼rde irgendjemand Ã¼berzeugen, dass sie fÃ¼r das Amt des Priesters brauchbar wÃ¤ren?"
2020-09-04 20:22:18+00:00,1301978919546032128,"@accessbank_help @myaccessbank REFUND MY MONEY OH Debit
Amt:NGN50.00 Dr
Acc:000******146
Desc:POSTAL STAMP DUTY
Time:28/08/2020
Debit
Amt:NGN100.00 Dr
Acc:000******146
Desc:POSTAL STAMP DUTY
Time:04/09/2020... Me no send you to dash FG MONEY OH COME DEY DEBIT ME 2WICE MONTHLY"
2020-09-04 20:21:21+00:00,1301978680642723847,@amt_nfc @coach__nawaf ğŸ˜·ğŸ˜·
2020-09-04 20:19:26+00:00,1301978198901751808,Pare agora para lavar as mÃ£os. #CoronaVÃ­rusNoBrasil
2020-09-04 20:19:10+00:00,1301978131230842880,@coach__nawaf ÙƒØ±ÙŠÙ… Ø§Ù„Ø§Ø­Ù…Ø¯ÙŠ ÙØ¬Ø¯Ù‡ Ù†Ø®Ù„Øµ Ù…Ø¹Ø§Ù‡ Ù…Ù† Ù‚Ø±ÙŠØ¨
2020-09-04 20:18:26+00:00,1301977943753646080,"@Dream11 Please bring Rs.40 GL(1-1000 gets rs 100 has winning amt) of 3333 spots in every baseball match. It fills and is good for your also , your can bring that league along with rs 26 GL . Kindly bring it thankyou and please acknowledge my message and reply me back !"
2020-09-04 20:16:17+00:00,1301977402814365709,@akashyfp amt
2020-09-04 20:15:48+00:00,1301977284740440065,putangina nakaraos nadin sa amt
2020-09-04 20:13:56+00:00,1301976812344487936,@olha_merdaa AHAHAHAH CAROL AMT TOURA ES TU
2020-09-04 20:13:08+00:00,1301976610422362113,FuÃŸball-Kreisliga A: Prognosen und Tipps zum 1. Spieltag von Patrick Linnemann FuÃŸball: Patrick Linnemann fÃ¤hrt beim SuS Kaiserau nur noch eingleisig. Das Amt des 2.FuÃŸball: Patrick Linnemann fÃ¤hrt beim SuS Kaiserau nur noch eingleisig. Das Amt des 2. https://t.co/jL7R4lDvXb https://t.co/L0Gl3Uh2PK
2020-09-04 20:11:45+00:00,1301976264320978957,@amt_nfc @Thamerovic_ Ø¨Ø§Ù„Ø¶Ø¨Ø·
2020-09-04 20:11:37+00:00,1301976229759913984,"#sÃ¶der
Wie wenig Anstand und Moral muss man haben um sich hier immernoch im Amt zu halten? Ist das eine psychische ErkrankungğŸ¤”ğŸ¤”ğŸ¤”

 https://t.co/bDXjBYYnBJ"
2020-09-04 20:10:28+00:00,1301975942458413057,Ø§ØªØ¬Ø§Ù‡Ù„ Ù„Ù‚Ø·Ø© Ù…Ø±Ø§Ø¨Ø· ÙˆÙ‡Ùˆ ÙŠØ·Ù„Ø¨ Ø§Ù„ØªØºÙŠÙŠØ± ÙˆØ¬Ø§ÙŠ ÙŠØ¹Ù„Ù‚ Ø¹Ù„Ù‰ Ø§Ù„Ù„Ù‚Ø·Ù‡ Ø°ÙŠ !!!!
2020-09-04 20:10:21+00:00,1301975910434967552,@yaxauu Amt
2020-09-04 20:10:13+00:00,1301975878088495108,"@aegidius Ist @AndiScheuer noch im Amt?

OK zugegeben die Frage wird tÃ¤glich gestellt."
2020-09-04 20:09:28+00:00,1301975689046814723,"also, if employers sack their employees because of a min wage, and min wage is set by amt necessary for survival, isn't that saying that employers were paying employees salaries that were not enough to live off? hmm... maybe they shouldn't be allowed to run a business that way... https://t.co/OlVHm0bBII"
2020-09-04 20:08:43+00:00,1301975499527331848,@KassenMeyer Amt?
2020-09-04 20:08:22+00:00,1301975413179265031,@arino_amt Omg thank u so much ur so sweet!! That really means so much!!
2020-09-04 20:08:07+00:00,1301975349186699264,"@Thamerovic_ Ø¬ÙˆÙ„ÙŠØ§Ù†Ùˆ ÙˆØ§Ø­Ù…Ø¯ Ù…ÙˆØ³Ù‰
Ø§Ù„Ø¬Ù…ÙŠØ¹Ù‡ ÙŠØ­ÙŠÙ‰ Ø¹Ù…Ø± Ù‡ÙˆØ³Ø§ÙˆÙŠ"
2020-09-04 20:07:35+00:00,1301975215686156289,@Oxlein Ø±Ù‡ÙŠØ¨ÙŠÙ†
2020-09-04 20:07:13+00:00,1301975125034782721,@amt_nfc Ù‡Ù‡Ù‡Ù‡Ù‡Ù‡Ù‡Ù‡Ù‡Ù‡Ù‡Ù‡Ù‡Ù‡Ù‡Ù‡Ù‡Ù‡Ù‡Ù‡Ù‡Ù‡Ù‡Ù‡Ù‡Ù‡Ù‡Ù‡Ù‡Ù‡Ù‡Ù‡Ù‡Ù‡Ù‡Ù‡Ù‡Ù‡Ù‡Ù‡Ù‡Ù‡Ù‡Ù‡Ù‡Ù‡Ù‡Ù‡Ù‡Ù‡Ù‡Ù‡Ù‡Ù‡Ù‡Ù‡Ù‡Ù‡Ù‡Ù‡Ù‡Ù‡Ù‡Ù‡Ù‡Ù‡Ù‡Ù‡ ÙŠØ­Ø¨ÙˆÙ† Ø§Ù„Ø¯Ø±Ø§Ù…Ø§
2020-09-04 20:06:54+00:00,1301975042427772929,For a small amt Of time maybe Idk
2020-09-04 20:06:07+00:00,1301974846977474565,"@taisadasavage @figueira151 ok befefe, amt"
2020-09-04 20:06:01+00:00,1301974821824208899,"Like he not giving up a substantial amount of his wealth at all, plus if you making a certain Amt of money and you dropping kids off in bitches left and right then Yeahhhh you should have to pay accordingly ğŸ’€"
2020-09-04 20:04:49+00:00,1301974520316727301,"Debit
Amt:NGN50.00 Dr
Acc:006******161
Desc:POSTAL STAMP DUTY
Time:04/09/2020  20:36:53
Avail Bal**********

I have been receiving all this debit from access(Diamond) bank.. This is not the first time. 
@cenbank
@myaccessbank
@DiamondBankHelp I need an explanation."
2020-09-04 20:04:25+00:00,1301974419464740865,@irbheating No mate. You cover that way?
2020-09-04 20:04:01+00:00,1301974317698289665,@wallyxsama Omg thank you so much for restocking! I was able to get a sope charm and complete the whole set! Thank you again! You and ur sis are absolute darlings and I adore your guyâ€™s art! â˜ºï¸ğŸ¥°ğŸ’•ğŸ’•ğŸ’œ
2020-09-04 20:02:58+00:00,1301974054077947909,@AMT_Heating Did you get sorted?
2020-09-04 20:02:08+00:00,1301973841988800515,"Entscheidung der Justizkommission: Dreier mit Mitarbeitern, Drohungen gegen AnwÃ¤lte â€“ US-Richterin verliert ihren Job Die US-Richterin Dawn Gentry ist ihr Amt los: Eine Kommission sah es als erwiesen an, dass sie unter anderem sexuelle Beziehungen am A... https://t.co/6OmO9aqpYN"
2020-09-04 20:02:03+00:00,1301973823911129088,ä¸‰å››éƒã®çµ‚ã‚ã‚Šã‹ã‚‰ç”²å­åœ’å§‹ã¾ã‚‹ã¡ã‚‡ã„å‰ã¾ã§å¯è½ã¡ã—ã¦ãŸã€œâ€¦èµ·ããŸã‚‰ãã“ã†ã€ãŠã‚„ã™ã¿ãªã•ã„
2020-09-04 20:01:47+00:00,1301973753904193536,"@db11fs Es wÃ¤re mal eine angemessene Frage, wieviel % bei dieser Auswahl doch nochmal gerne Ã¼ber eine weitere Amtsperiode von der verlÃ¤sslichen Dame im Amt sprechen mÃ¶chten."
2020-09-04 20:01:32+00:00,1301973692335845377,1æ—¥30æ™‚é–“ã«ã—ã¦ãã‚Œ
2020-09-04 20:01:23+00:00,1301973655996583936,"ä¼ç”»æ™‚å››ã¤è‘‰æ¢ã—

ã‰ã£ã‰ãƒã€Œã˜ã‚ƒã‚ä¾‹ã®ã‚»ãƒªãƒ•ã‚’ãŠé¡˜ã„ã—ã¾ã™ã€

ãƒã‚¤ã€Œâ€¦ä¾‹ã®ã‚»ãƒªãƒ•ã£ã¦ãªã«ï¼Ÿï¼ˆå°å£°ï¼‰ã€

ã‰ã£ã‰ãƒã€ŒããªãŸã®æ¢ã—ç‰©ã¯ã“ã‚Œã§ã—ã¦ï½ï¼ˆè€³æ‰“ã¡ï¼‰ã€

ãƒã‚¤ã€Œã‚ã£ã‚ãï½ï¼ˆç´å¾—ï¼‰ã€"
2020-09-04 20:01:10+00:00,1301973600249901058,ã‚‚ã†5æ™‚ï¼Ÿï¼Ÿï¼Ÿï¼Ÿï¼Ÿ
2020-09-04 20:00:30+00:00,1301973431207034886,"Rita Famos war schon vor zwei Jahren die richtige Person fÃ¼r dieses Amt und ist es heute umso mehr.

Es braucht nun eine PrÃ¤sidentin, welche die EKS aus der Krise fÃ¼hrt und die Menschen zusammenbringt und stÃ¤rkt, die sich fÃ¼r unsere Kirche engagieren.
https://t.co/TXA7zmm1p6"
2020-09-04 19:59:30+00:00,1301973180437889030,@irbheating @morrishgp @cliveomalley @AMT_Heating ğŸ¤£ğŸ¤£
2020-09-04 19:59:13+00:00,1301973107822022661,@amt_14 ğŸ‘ğŸ»
2020-09-04 19:58:48+00:00,1301973005254369280,æ®´ã‚Šåˆã„ã ã£ãŸã‚‚ã‚“ã­
2020-09-04 19:58:12+00:00,1301972853273878528,@LBCplumbing @morrishgp @cliveomalley @AMT_Heating ğŸ¥”ğŸ¤£
2020-09-04 19:56:25+00:00,1301972404248473611,@Lolpocrl2 amt tanto maria
2020-09-04 19:53:41+00:00,1301971719104524288,ãƒ’ãƒãƒŠæ™®é€šã«å³æ­»ã ã£ãŸã‹ã‚‰ç›®ã®çŠ¶æ…‹ãŒã„ã„æ™‚ã«ãƒªãƒ™ãƒ³ã‚¸ã™ã‚‹ã
2020-09-04 19:53:26+00:00,1301971656110485504,@Bucksen Was lief zwischen 2024 und 2026 schief? Und warum bist du danach noch im Amt?
2020-09-04 19:53:04+00:00,1301971560580788224,"HE CRONCH! And with that, #AMT #AMirrorsTale is going back to the present :3c

https://t.co/AV1paSIl85

#comic #webcomic #graphicnovel #goodreads #update https://t.co/qY7uQy2Olg"
2020-09-04 19:53:01+00:00,1301971548975386629,"@ahmad_omeirate 2/2
Es wÃ¼rde mich nicht wundern, wenn in naher Zukunft, Sahra Wagenknecht auf Knien angefleht wird, das Ruder rumzureiÃŸen und das Amt der Parteivorsitzenden zu Ã¼bernehmen"
2020-09-04 19:51:58+00:00,1301971284931145729,@amt_br ã‚ã‚Œãƒãƒ«ãƒã®ãƒã‚°ã§ã‚·ãƒ³ã‚°ãƒ«ãªã‚‰è¡Œã‘ãŸã‚
2020-09-04 19:50:25+00:00,1301970896152862721,tipo que nÃ£o Ã©s o meu ponto fracoğŸ‘‰ğŸ¼ğŸ‘ˆğŸ¼ amt https://t.co/d3sKfHf9vI
2020-09-04 19:50:05+00:00,1301970811755147268,@BILD Von Demonstranten wurden laut â€Tagesspiegelâ€œ 88 Strafanzeigen gegen die Polizei gestellt. HÃ¤ufig lautet der Vorwurf KÃ¶rperverletzung im Amt. &lt;- Ob die Zahl wohl abgesprochen war? ğŸ¤·â€â™‚ï¸
2020-09-04 19:49:33+00:00,1301970676081979393,@HelenZaltzman @20korg @martinaustwick Iâ€™ve realised the reason I love AMT is because itâ€™s you three supreme talents distilled into a nucleus of podcast joy. Never listed to 20KH before today and now Iâ€™m obsessed - the web ğŸ•¸ grows
2020-09-04 19:49:25+00:00,1301970644398112769,@AMTQuito Buenas tardes seÃ±ores amt .. disculpen desde que hora empieza el toque de queda el dÃ­a de hoy 4 de septiembre???? Gracias
2020-09-04 19:49:22+00:00,1301970632045887488,"I'm probably going

Long

$BP 21.01
$BAC 26.77
$XOM 39.80
$TM 133.74
$CVX 83.65
$C 53.37
$CHL 34.41
$HSBC 21.45
$CVS 60.78
$RIO 61.87

Short

$KO 50.27
$AVGO 353.49
$AMT 246.82
$PBR 8.63"
2020-09-04 19:48:40+00:00,1301970453079052288,@arriiieess Not true. Read the full response from her. In Florida the courts  set that amt because he didnâ€™t provide his finances
2020-09-04 19:47:26+00:00,1301970145548603392,"@wallyxsama Aww youâ€™re too sweet! I had just been hoping to get the full set of charms, but the sope one sold out whilst I was checking out ğŸ˜…"
2020-09-04 19:46:58+00:00,1301970026228981760,"ã„ã¤ã‚‚ã®RNã®å®‰å¿ƒæ„Ÿã™ã”ã„ãª

#éœœé™ã‚Šæ˜æ˜ŸANN0"
2020-09-04 19:46:35+00:00,1301969930057703424,"@BazookaBanana @Einzelfallinfos @Art_5_Abs_3_GG Der darf erstmal seine Schulden abstottern, erst bei der Versicherung, dann beim Amt, weil er wohl auch Sozialleistungen erschlichen hat. 
Ich wette, der verflÃ¼chtigt sich ganz von alleine Richtung Syrien, wenn er wieder raus ist!"
2020-09-04 19:45:51+00:00,1301969744501776385,ãƒãƒƒã‚¿ãƒã‚¿å¯ã¦ã„ã
2020-09-04 19:45:06+00:00,1301969556508794880,"@JioCare @reliancejio my query is not answered https://t.co/bI0eutPXKF is mentioned that if i don't like the service I will get back the entire one time charge of Rs 1500.But if I continue, will I get back the entire one time charge of 1500 ?When ?Will you deduct any amt for installation? https://t.co/hGX71zaEE5"
2020-09-04 19:45:05+00:00,1301969551962394624,"If you want to avoid any potential surprises at tax time, it may make sense to know where you stand when it comes to the AMT. https://t.co/RJvRHpcmXV"
2020-09-04 19:44:07+00:00,1301969309191856129,The power indicates the amt of watts necessary to rotate the impeller at the given set speed. If there is a clot or obstruction it will be higher than usual and it should prompt immediate evaluation ğŸ¥
2020-09-04 19:43:36+00:00,1301969181399748609,ÙˆÙ…Ø¹Ø§Ù†Ø§ Ø§Ù„Ù„ÙŠ Ù…Ø§ÙƒÙ„Ù‡Ø§ 2 Ù…Ù† Ø§Ø¨Ù‡Ø§ Ø­Ø§Ø¨ ØªØ¦ÙˆÙ„ Ø§ÙŠÙ‡ØŸ https://t.co/Ghh9mxDDGv
2020-09-04 19:41:13+00:00,1301968578875289602,"@FinMinIndia Dear Sir/ Madam, amt deducted and tkt not booked. Didn't gt rfnd yet. https://t.co/J8Uhpxh6hL"
2020-09-04 19:40:59+00:00,1301968521233076225,"@TraderPamplona 1.5 T on the way from WH, followed by 1.7T from TGA.....followed by undisclosed amt...... :)"
2020-09-04 19:40:53+00:00,1301968495324864512,"éŸ³æ¥½ãŒã„ã¡ã„ã¡æ‡ã‹ã—ã™ã

#éœœé™ã‚Šæ˜æ˜ŸANN0"
2020-09-04 19:40:53+00:00,1301968493978550273,"@hatwearingeagle @NoelHDelaCruz @JasonWa24608474 @KellyannePolls Trump communicating with Russia through backchannels. Not to mention trumps extensive ties with the Russian mob who had been paying him off for years through owning properties in his towers, and Don Jr admitting the trump org gets a disproportionate amt of its $$ from Russia."
2020-09-04 19:40:28+00:00,1301968393193615362,Ø§Ù„Ø¨ÙŠØ§Ø¹ ØºØ´Ù‡Ù… Ø¹Ø·Ø§Ù‡Ù… Ù†ÙˆØ¹ ÙŠÙÙƒ Ù…Ø¹ Ø§Ù„Ø±Ø·ÙˆØ¨Ù‡
2020-09-04 19:40:12+00:00,1301968323199094785,"@_FriedrichMerz Ja richtig. Aber dann bitte sehen Sie zu, dass Sie ins Amt kommen. Die jetzige Amtsinhaberin hÃ¤lt dran fest. Um jeden Preis. Bekommt wahrscheinlich sonst keinen Boni...

Wann gehen Sie endlich auf Konfrontation mit Merkel? Ins Amt kuscheln lÃ¤uft nicht beim CDU-WÃ¤hler..."
2020-09-04 19:39:45+00:00,1301968210976280576,@luizamotax Sou exceÃ§Ã£o como vc amt
2020-09-04 19:37:28+00:00,1301967636700557312,@goth_hoes4life KJDHDHD FDSW Ã‰S LINDO AMT CRL SÃ“ VEM
2020-09-04 19:37:25+00:00,1301967624369328129,@arino_amt I might have some more some charms I can restock if u would like !
2020-09-04 19:36:54+00:00,1301967494488481793,Que asco estos AMT!!! https://t.co/rlUb04PE2E
2020-09-04 19:36:53+00:00,1301967489857925121,"@wallyxsama I had the vminjoon print and the sope keychain in my cart, but as I was checking out they sold out :(((( Better luck next time for me! ğŸ˜ğŸ’”"
2020-09-04 19:36:31+00:00,1301967396786376705,@klauslederer Amt fÃ¼r Systemfragen
2020-09-04 19:35:27+00:00,1301967130280288256,"@Uwe_Junge_MdL Der soll sein Amt abgeben,sicher macht der sich aus Angst in die Hose,und ist ein Feigling."
2020-09-04 19:34:50+00:00,1301966972649910272,"i dont even care if its a small amt of people who do it, i just wanna see it aaaaaa"
2020-09-04 19:33:45+00:00,1301966699835674625,"und wenn jemand  jeden tag  damit beschÃ¤ftigt ist seine existenz  zu rechtfertigen,dann ist er doch bei der arbeit im rathaus ,im jobcenter ,beim amt  . dann hat sich der termin erledigt. ihr bekommt die rechnung fÃ¼r jeden tag an dem ich mich zwangslÃ¤ifig mit euch befassen muss"
2020-09-04 19:31:23+00:00,1301966105674575872,"ä¼ç”»æ™‚å››ã¤è‘‰æ¢ã—

åˆ©éŸ³ã€ŒéŒ²éŸ³ã—ãŸæ‰€ã‹ã‚‰å‡ºã¦ãç¬é–“ã«ãƒã‚¤ãã‚“ãŒè¦‹ã¤ã‘ãŸã£ã¦ã„ã†ã€

ã‰ã£ã‰ãƒã€Œ""ã§ã—ã¦""ã¿ãŸã„ã ãªã€

ãƒã‚¤ã€Œä¿ºã§ã—ã¦ã®SSRæŒã£ã¦ã‚‹ã‹ã‚‰ï¼ˆãƒ‰ãƒ¤é¡”ï¼‰ã€"
2020-09-04 19:30:57+00:00,1301965996949897216,@morrishgp @cliveomalley @AMT_Heating @irbheating I was thinking more brian Harvey ğŸ¤£ğŸ¤£ğŸ¤£
2020-09-04 19:30:08+00:00,1301965790313418753,"If you want to avoid any potential surprises at tax time, it may make sense to know where you stand when it comes to the AMT. https://t.co/cwWZzZCbfI"
2020-09-04 19:27:37+00:00,1301965157749469187,"@SGMathew I think you can use third parties like @CloudResearch_1 @positlyapp or @UpdateFF to access MTurk even if you're an Indian researcher. Maybe @ajm1016 can confirm it's officially OK or not, but I've known SK requesters (not allowed) who have used them to access AMT samples."
2020-09-04 19:22:40+00:00,1301963911659479041,"@AndreaSchlegel3 Warum ist niemand auf die Idee gekommen, daÃŸ keiner der dieser Partei angehÃ¶rt hat, jemals wieder ein politisches Amt bekleiden darf.
Ist euch klar was uns alles erspart geblieben wÃ¤re.
ScheiÃŸ GutglÃ¤ubigkeit."
2020-09-04 19:22:40+00:00,1301963910694817798,"Wer gesehen hat, mit welcher Anerkennung Franziska damals aus ihrem alten Amt verabschiedet wurde und sieht, wie hart sie arbeitet und wie herzlich sie mit Menschen umgeht, weiÃŸ: wir haben da eine wirklich tolle und engagierte Genossin. Love her â¤ https://t.co/FSDtIcgGQT https://t.co/wu0JnxLxp3"
2020-09-04 19:21:24+00:00,1301963591998939143,"Deutsche Bank stays Bullish on American Tower, seeing 22% upside $AMT https://t.co/L6BWYxTEGl"
2020-09-04 19:19:50+00:00,1301963196857823233,Bora lavar as mÃ£os? #CoronaVÃ­rusNoBrasil
2020-09-04 19:18:58+00:00,1301962981715202048,"@Poechinger Mir wÃ¤re die Ãœbergangsregierung unter Bierlein lieber. Echte Experten statt irgendwelchen Parteitypen, die keine Ahnung vom Amt haben!"
2020-09-04 19:18:04+00:00,1301962753310031872,å½“ãŸã‚Šå‰ã ã‘ã©ä¸­å›½äººã§ã‚‚ã„ã„äººã¯ã„ã‚‹ã€‚å•é¡Œã¯ä¸­å›½å…±ç”£å…šã ã‚ˆğŸ˜«
2020-09-04 19:17:51+00:00,1301962700654817282,"@linkeanja @SusanneHennig @Janine_Wissler Wollen mal hoffen, dass Frau Hennig-Wellsow nicht die zweite ThÃ¼ringerin wird, die in diesem Amt scheitert."
2020-09-04 19:17:29+00:00,1301962605146275841,@MaxTheD86707588 @genevie56254254 @PhillyBarbara @PhillyInquirer With the amt youâ€™re tweeting id suggest your bosses might need to  check up on all those â€œbreaksâ€
2020-09-04 19:17:26+00:00,1301962596430622728,"@BosseSteinar @Tash_Witk Tak, urzÄ™dniczka niemieckiego Faschist Amt."
2020-09-04 19:16:56+00:00,1301962468122656769,@GUCCIKIMTATA Spring day :3
2020-09-04 19:16:48+00:00,1301962436195635206,saudades de ver um amt teu nas minhas barras de notificaÃ§Ã£o ğŸ˜©
2020-09-04 19:15:35+00:00,1301962128736186369,ã€å®šæœŸã½ã™ã¨ã€‘è¦åˆ¶å¢ nysk_amt æ­Œã„æ‰‹/ã‚¢ãƒ‹ãƒ¡è’ã¶ã‚Šå¢ nyansaki09
2020-09-04 19:14:27+00:00,1301961843511095298,hangry.
2020-09-04 19:14:18+00:00,1301961806190186497,"@RudyBooty3 Eh, IF we're saying Shenault could get a nice amt of carries/rec/goal line TDs with that comp then you'd rather start that at WR

RBs get more touches in general than WRs so you'd rather start a RB at WR if you could... that's where I was going."
2020-09-04 19:14:01+00:00,1301961733259644937,@tododabiis the amt of ppl who forget this is kinda sad
2020-09-04 19:13:17+00:00,1301961549721079810,@NikunjChalla We shall get back to you with the refund id for the credited to amt before 12pm.
2020-09-04 19:13:16+00:00,1301961547380600835,"13 hits

$WMT +1.21% $UNH +2.33% $NVS +1.29% $GSK +1.90% $AMT +0.97% $FISV +1.36% $TJX +1.79% $CI +1.04% $ISRG +0.89% $BSX +0.69% $MU +2.12%

$SBUX $VALE still active 

From previous days

$GSK -3.20% stopped out.  Note: GSK is a stop reverse.  Total return -3.20+1.90= -1.3% https://t.co/01RZaxGhiD"
2020-09-04 19:12:12+00:00,1301961278177583105,@StarQuik As informed we shall have the amt debited from your wallet and have the same credited to your original payment from our end. The same should reflect in your account within a max of 4 to 5 business working days. Do let us know if you need any further assistance.
2020-09-04 19:10:47+00:00,1301960919245893632,@NikunjChalla As informed we shall have the amt debited from your wallet and have the same credited to your original payment from our end. The same should reflect in your account within a max of 4 to 5 business working days. Do let us know if you need any further assistance.
2020-09-04 19:10:26+00:00,1301960831828193282,Da oggi lâ€™unico mio pensiero fisso sarÃ  lâ€™evento del Fuorisalone â¤ï¸
2020-09-04 19:10:01+00:00,1301960727486488581,"When I was 7 years old, I came running to my mom and Aunt Sarah (God rest her soul) asking for a quarter to give to these kids who would only let me play with them if I paid them that amt. Auntie gave me the quarter and a seminal life lesson."
2020-09-04 19:08:24+00:00,1301960320668389380,@NikunjChalla There was another amt of Rs 1327.80 credited to your wallet on 08/29/2020. For which we did not get any request from your end to refund the amt to your original payment mode hence the amt is still in your wallet.
2020-09-04 19:08:15+00:00,1301960283079016448,"LÃ¡stima quien filma borra las identificaciones de los ""agentes de trÃ¡nsito"" y del sobornante; ambos penalmente culpables, no es para mera investigaciÃ³n interna de la AMT y darles un cursito de decencia, sobornante y sobornador cometieron delitos penables https://t.co/ZdWunFLpIS"
2020-09-04 19:08:11+00:00,1301960267337732097,@johnnybadjaras BROU EU AMT
2020-09-04 19:08:02+00:00,1301960229828075525,"#Nawalny sei m. d. chemischen Nervenkampfstoff #Nowitschok vergiftet worden. Botschafter d. Russ. FÃ¶deration wurde ins Ausw. Amt eingeladen/Ã¼ber Inhalt der ErklÃ¤rung i. Fall Nawalny unterrichtet. Hierbei wurden ihm k. auf Fakten bas. Unterlagen Ã¼bergeben! 
https://t.co/rqVZQ4nAK7"
2020-09-04 19:08:00+00:00,1301960220936228866,"@NikunjChalla You had raised a ticket with for that amt to be refunded to your original payment mode on the same day, and we had debited your wallet for Rs 615 on 08/23/2020."
2020-09-04 19:07:19+00:00,1301960047325577219,@NikunjChalla There was another amt of Rs 1327.80 credited to your wallet on 08/29/2020. For which we did not get any request from your end to refund the amt to your original payment mode hence the amt is still in your wallet.
2020-09-04 19:06:22+00:00,1301959808011116546,@BVeliaev Amt bby
2020-09-04 19:06:05+00:00,1301959736343101442,Ø­Ù…Ø¯Ø§Ù† ÙŠØµØ± Ø¹Ù„Ù‰ Ø§ÙƒÙ…Ø§Ù„ Ø§Ù„Ù…Ø¨Ø§Ø±Ø§Ù‡ ØŒ Ø´ÙƒÙ„Ù‡ Ù„Ø­Ù…Ù‡Ø§ Ø¨Ù†Øµ Ù†ÙØ±
2020-09-04 19:05:26+00:00,1301959574002503680,"@NikunjChalla You had raised a ticket with for that amt to be refunded to your original payment mode on the same day, and we had debited your wallet for Rs 615 on 08/23/2020."
2020-09-04 19:05:13+00:00,1301959521825435648,"@JaimeZamoraII1 @jm_cia @ecuavisa @MaJosefaCoronel @coequito @LoroHomero @PanasJorgeYunda @JaimeZamoraII1 @LaPlena20 @juanmaguirre1 @amy @FiscaliaEcuador @TVCElComercioTv @teleamazonasec @tctelevision @juanpazosc 
Pilas otra vez en la #AMT mucha cosa yaff. Dan permisos para andar sin placas y el Morales anda con balizas q hp! https://t.co/cGhkkZvAYd"
2020-09-04 19:05:03+00:00,1301959479005777920,had to go but some art supplies for my class and the amt of serotonin that going into an art store brings me is unparalleled
2020-09-04 19:03:38+00:00,1301959121386844161,@Alim234QQ Ø¨Ù†ÙÙˆØ² Ø¨Ø¯Ù… Ø¨Ø§Ø±Ø¯ ØµØ¯Ù‚Ù†ÙŠ
2020-09-04 19:03:13+00:00,1301959017762299907,ÙÙƒØª Ù…Ø¹ Ø­Ù…Ø¯Ø§Ù† Ø§Ù„Ø´Ù…Ø±Ø§Ù†ÙŠ
2020-09-04 19:02:27+00:00,1301958823775809538,@Hobbysta1 @WitkorK @Asia94797101 @BzdzisW @Tash_Witk Pewnie jest przeciwko urzÄ™dom ( Amt niem. UrzÄ…d)
2020-09-04 19:02:25+00:00,1301958816997703683,@amt_nfc Ø§Ù„ÙØ±ÙŠÙ‚ ÙƒÙ„Ù‡ Ø¯Ø§Ø¬
2020-09-04 19:01:38+00:00,1301958616287793153,"Right?? You want me to pay almost twice I would at the theater, on top of my sub fee, for a movie that could have used a considerable amt more of Chinese descendants in production?? Cute https://t.co/07U5YO1OJ0"
2020-09-04 19:01:30+00:00,1301958584025206787,@KatjaMast @spdbt @spdde Da waren die Geschehnisse durch #Feiernde der #Partyszene / #Eventszene in dt StÃ¤dten durch #Migrantifa um Welten schlimmer. Dazu aber nur #Beschwichtigung durch #SPD @spdbawue u #Hass auf Polizei durch @EskenSaskia @spdde. #verantwortungslos #Esken ist dem Amt nicht gewachsen
2020-09-04 19:01:22+00:00,1301958551196188674,ãƒã‚¤ã€ŒãƒŒã‚¥ãƒ³ï¼ãƒ˜ãƒƒï¼ãƒ˜ãƒƒï¼ ã‚¢ã‚›ã‚¢ã‚›ã‚¢ã‚›ã‚¢ã‚›ã‚¡ã‚›ã‚¡ã‚›ã‚¡ã‚›ã‚¡ã‚› ã‚¢ã‚›â†‘ã‚¢ã‚›â†‘ã‚¢ã‚›â†‘ã‚¢ã‚›â†‘ã‚¢ã‚›ã‚¢ã‚›ã‚¢ã‚›ã‚¡ã‚›ã‚¡ã‚›ã‚¡ã‚›ã‚¡ã‚›ï¼ï¼ï¼ï¼ ã‚¦ã‚›ã‚¢ã‚›ã‚¢ã‚›ã‚¢ã‚›ã‚¢ã‚›ã‚¢ã‚›ã‚¢ã‚›ã‚¡ã‚›ã‚¡ã‚›ã‚¡ã‚›ã‚¡ã‚›ã‚¡ã‚›ã‚¡ã‚›ã‚¡ï¼ï¼ï¼ï¼ï¼ ãƒ• ã‚¦ã‚›ã‚¦ã‚›ã‚¦ã‚›ã‚¥ã‚›ã‚¥ã‚›ã‚¥ã‚›ãƒ³ï¼ï¼ï¼ï¼ ãƒ• ã‚¦ã‚›ã‚¥ã‚›ã‚¥ã‚›ã‚¥ãƒ³ï¼ï¼ï¼ï¼(å¤§è¿«çœŸ)ã€
2020-09-04 19:00:58+00:00,1301958449719279616,@anafaiias Amt
2020-09-04 19:00:50+00:00,1301958415871356930,@erosykhe mas amt mais ğŸ’•âœ¨
2020-09-04 19:00:38+00:00,1301958364965089280,Ø§Ù„ÙØ±ÙŠÙ‚ ÙƒÙ„Ù‡ Ù…Ø³ØªÙ„Ø¬
2020-09-04 19:00:11+00:00,1301958251714551808,"(4/14) When Prop 13 passed, these huge corporations were no longer required to pay the same amt they had been paying before, the state of CA lost BILLIONS of dollars in tax revenue. Over time that has amounted to hundreds of billions of dollars striped from our communities."
2020-09-04 18:59:12+00:00,1301958005437665286,"@MaxRebens @reitschuster KÃ¶nnte so sein. Aber wie gesagt jemand der das Amt offensichtlich nicht PrioritÃ¤t Nr 1 geben kann sollte nicht Ã¼ber andere richten. Da ist es egal ob Christ mit Kreuz oder was anderes.
Es ist doch eine Nichtigkeit fÃ¼r einen Menschen der PrioritÃ¤ten setzen kann."
2020-09-04 18:56:55+00:00,1301957431287635968,sun/moon/rising... the amt of lorde is kind of rude but the cap songs slap https://t.co/jlTEDX5PSd
2020-09-04 18:55:32+00:00,1301957083861053446,@thehill The amt of ppl that sold their souls for fat Nixon is astonishing
2020-09-04 18:55:06+00:00,1301956973127229440,Ø§Ø´Ùƒ ÙÙŠ Ù‚Ø¯Ø±Ø§Øª Ø§Ù„Ø¹Ø¨ÙŠØ¯ Ø§Ù„Ø¹Ù‚Ù„ÙŠÙ‡
2020-09-04 18:53:24+00:00,1301956544414842882,"@Jason_from_314 @jaycaspiankang I've eaten at the Korean restaurants here and lived in/ spent a good amt of time in half of these areas. He's listing the best Korean food in the US. While the KA pop here is bigger than expected, STL doesn't even match the Chicago burbs, to say nothing of Queens or VA."
2020-09-04 18:52:58+00:00,1301956436977569793,Surprisingly lucid for ????? amt of sleep rn
2020-09-04 18:52:44+00:00,1301956380304105472,çµå±€ã‚‚ã†4æ™‚ã˜ã‚ƒã­ãƒ¼ã‹
2020-09-04 18:52:40+00:00,1301956360775622658,"@RolandTichy Geisel-Drama in Berlin! Die erkenntisleitende Frage ist doch: Warum ist dieser Gesetzesbrecher Ã¼berhaupt noch im Amt? 1 Innensenator missachtet RichtersprÃ¼che und missbraucht Polizisten, welche das Recht auf Meinungsfreiheit mit KÃ¼ppeln zerschlagen &amp; Gewalt gegen BrÃ¼ger anwenden!"
2020-09-04 18:50:46+00:00,1301955884852154372,@xicapretafufa ğŸŒ¸â¤ï¸ğŸ¤§ amt
2020-09-04 18:47:24+00:00,1301955036742901760,"@ItPainesMe @BrianLavelle @nofansrecords If it wasn't this gig, it was certainly around that time...I seem to remember an AMT gig in '99 where we talked at length (short AMT set, Volcano The Bear played too...). Otherwise, not completely sure..."
2020-09-04 18:46:03+00:00,1301954698598117377,@PokeKidToph as long as theres a decent amt of ppl
2020-09-04 18:45:14+00:00,1301954491344990210,@muitabanita amt ğŸ˜”
2020-09-04 18:44:29+00:00,1301954302001307648,@CB92601381 @SHomburg @Markus_Soeder Aber wollen wir wirklich einen verkommenen Wendehals in diesem Amt?
2020-09-04 18:43:50+00:00,1301954140915068933,@the_amt We're all rusty right now
2020-09-04 18:42:53+00:00,1301953898039504897,@astrosnightstar the amt of drama and stupidity seems like .... less that this circus i deal with
2020-09-04 18:42:26+00:00,1301953787217805318,@victorien46 PTN JE SUIS DANS LE SNACK DE MES PARENTS Yâ€™AVAIT DES CLIENTS
2020-09-04 18:42:12+00:00,1301953727834853377,"AMT's Alessandro Ludovico is part of this online discussion (alongside other great speakers such a Shu Lea Cheang): ""The Net Will Have Been: Art and Power After Cyberspace"" https://t.co/mZDnGsvhBX"
2020-09-04 18:42:12+00:00,1301953726186491904,@xM0HD Ù‡Ø°Ø§ Ù„Ùˆ Ø³Ø¬Ù„ Ù‡Ø¯Ù ÙŠÙ…ÙƒÙ† ÙŠØ±Ø¬Ø¹ ÙØ£Ø±
2020-09-04 18:42:10+00:00,1301953719332999173,"#Currency for Tonight's ğŸˆGame! 
ğŸ¦…Credit/Debit cards PREFERRED at #EagleSpiritTrailer or Checks to SMMHS Sports Boosters.
#Concessions Limited amt of pre-packaged foods, Zaxby's Chicken &amp; (microwaved) Popcorn allowed! CASH ONLY!
â¤ï¸Thanks for understanding new Covid restrictions! https://t.co/whOyeT6OKc"
2020-09-04 18:41:50+00:00,1301953633563545600,@amazonIN My amount got deducted from my bank but Amazon is showing empty cart and no orders are there. Pl tell how vl I got my amt?
2020-09-04 18:41:26+00:00,1301953536725581824,"@PlexWeather That right there is some Segra Weather... ok, thatâ€™s no good... weâ€™ll workshop it."
2020-09-04 18:41:25+00:00,1301953529146417156,@xM0HD Ø¨Ø±Ø§ Ø§Ù„Ù…Ù†Ø·Ù‚Ù‡ Ù…Ø§ ÙŠØ±Ø¬Ø¹ Ù„Ù„ÙØ£Ø±
2020-09-04 18:40:42+00:00,1301953349605040128,"@selmuggle Ich musste vor Jahrzenten in Bayern ins Amt, weil weil auf der Lohnsteuerkarte â€ueâ€œ mit â€Ã¼â€œ gleichgesetzt wurde."
2020-09-04 18:40:17+00:00,1301953246341132288,the amt of trollers in among us makes it funnier sometimes dsndkdkdk
2020-09-04 18:38:53+00:00,1301952891788374018,"@lildurk Same amt if views as 6ix9ine already. Oh wait, nvm. Your his baby"
2020-09-04 18:38:52+00:00,1301952890823532544,@goibibo But as per the agency the amt has already been transferred to your account .
2020-09-04 18:37:46+00:00,1301952610820333569,"@bot_prussian @WRobelli @Steinhoefel Glaube nicht, dass sie Angst haben. Sie bleiben doch so oder so in Amt und WÃ¼rden."
2020-09-04 18:37:08+00:00,1301952450728005638,@bakingBitchh @hnydropmandarin @spiderkcals @ryuidiet for example lipedema causes fat cells with uncontrolled growth and its impossible to burn it or get rid of it diabetes can cause uncontrolled weight gain. theres alot of things that can cause fat and weight gain and bc the amt of fat is dependent on puberty meaning that for...
2020-09-04 18:36:20+00:00,1301952252102533120,@LBCplumbing @cliveomalley @AMT_Heating @irbheating Ole Tony Mortimer x
2020-09-04 18:35:09+00:00,1301951954889834496,"9E04E818 :å‚æˆ¦ID
å‚åŠ è€…å‹Ÿé›†ï¼
Lv120 ã‚¢ãƒã‚¿ãƒ¼
https://t.co/ljfb2sE59v"
2020-09-04 18:34:28+00:00,1301951783040737280,km6__  amt')'j'p't
2020-09-04 18:32:44+00:00,1301951346073989120,"Subtember is literally getting worse and worse each year for everyone. Why the hell should a new sub consider 3-6 months for 25-30% vs a longtime sub who is more likely to sub for that amt of time??

Twitch please stop with the bs decision making... ğŸ™„"
2020-09-04 18:31:58+00:00,1301951153438101504,"Now people can thank those shr offerings $AMRN did when stk was at 18-20..  haha..  balance sheet is pretty clean, has a decent amt of cash, esp. if they shut down the foolish spend in US w/ DTC/salesforce.. EV a bit over 1B here, so for the gamblers, that's the LT ticket."
2020-09-04 18:31:50+00:00,1301951117832548352,"@AxisBankSupport My vechile no is tn39 bj 7390 , I have recharged my fast tag a.c from axis bank a.c . Amt is debited in my a.c but so far itâ€™s not credited in my fast tag a.c"
2020-09-04 18:31:23+00:00,1301951006461157376,"åˆ©éŸ³ã€Œä¿ºé”å…¨å“¡çŸ¥èƒ½æŒ‡æ•°ä½ã„ã‹ã‚‰ãªã€

ãƒã‚¤ã€Œä½•è¨€ã£ã¦ã‚“ã ã€åè«–ã§ãã­ã‡ã˜ã‚ƒã­ã‡ã‹ã€"
2020-09-04 18:30:38+00:00,1301950818506215424,@irbheating @cliveomalley @AMT_Heating ğŸ¤£ğŸ¤£ğŸ¤£ğŸ¤£ğŸ¤£
2020-09-04 18:30:03+00:00,1301950670279450624,"If you want to avoid any potential surprises at tax time, it may make sense to know where you stand when it comes to the AMT. https://t.co/FgxZTbwI6b"
2020-09-04 18:28:06+00:00,1301950181026324481,@okdomcool YOO THE AMT OF FPS ID GET ON CS
2020-09-04 18:27:54+00:00,1301950128794644480,"@landsrauhl i remember the first time he chopped off the floppy hair, the kind of chaos that caused lmao and then someone bought a lock of his hair for some ridiculous amt too? good times ğŸ¥º"
2020-09-04 18:27:26+00:00,1301950012390141953,"#bandream11 U come give the advt. take good amt and give to poor, That's good for u, but what about those youths who follow u? They will install those betting apps, loose money n what not! N ok if they win money do they contribute like u? Do they follow u when it comes to giving?"
2020-09-04 18:26:03+00:00,1301949661905711104,"Govt should start deducting some percentage of TDS on agriculture income after an upper limit amt , which farmer receiving via any DBT, mandi etc.(4/4)"
2020-09-04 18:25:51+00:00,1301949613310705664,"Marlene Monteiro Freitas' Mal regt die Imagination an. Es fÃ¼hrt ins Klassenzimmer, aufs Amt, zur Exekution. Zu sehen gibt's schÃ¶ne Bilder und manche Ãœbertreibung. https://t.co/h3jH5zV58X"
2020-09-04 18:25:32+00:00,1301949535179231232,Ohne amtÂ­liÂ­che AusÂ­schreiÂ­bung ist MenschÂ­lichÂ­keit leiÂ­der nicht mÃ¶gÂ­lich â€“DenÂ­ken erwÃ¼nscht â€“ der KelÂ­le-Blog Quelle: Ohne amtliche Ausschreibung ist Menschlichkeit leider nicht mÃ¶glich â€“Denken erwÃ¼nscht â€“ der Kelle-Blog https://t.co/HAkoVZrd10
2020-09-04 18:24:03+00:00,1301949162024361984,"7016E3B7 :å‚æˆ¦ID
å‚åŠ è€…å‹Ÿé›†ï¼
Lv120 ã‚¢ãƒã‚¿ãƒ¼
https://t.co/ljfb2sE59v"
2020-09-04 18:23:04+00:00,1301948913059090434,@Trey_Syt @videogamedeals Yea lol
2020-09-04 18:21:46+00:00,1301948587480248325,@BANGwtr11 ã‚“ã°ï¼
2020-09-04 18:21:10+00:00,1301948434761560064,@GRUENE_LSA @Connylue @StriegSe @claudiadalbert Ein neues Amt? #Krankenschwerster
2020-09-04 18:19:30+00:00,1301948017088565248,@MatisseKCA Amt #KCAMexico #Matisse #ViajeDeMatisse
2020-09-04 18:19:27+00:00,1301948001347403777,Partiu lavar as mÃ£os? #coronavÃ­rusnobrasil  #CoronavirusPlantao
2020-09-04 18:18:24+00:00,1301947740188893184,"@amt_ayacamry åé ­ç—›ç³»ãªã‚‰ã€é ­ç—›è–¬ã«åŠ ãˆã¦ã€ã‚¨ã‚¹ã‚¿ãƒ­ãƒ³ãƒ¢ã‚«ã‚ãŸã‚Šã®ã‚«ãƒ•ã‚§ã‚¤ãƒ³éŒ å‰¤ã‚‚ä¸€ç·’ã«æœç”¨ã™ã‚‹ã¨åŠ¹æœçš„ã‹ã‚‚ã§ã™ã€‚
ã‚«ãƒ•ã‚§ã‚¤ãƒ³ãªã®ã§ä¹±ç”¨ã¯å±é™ºã§ã™ãŒ..."
2020-09-04 18:15:20+00:00,1301946967753359363,"Live in green â˜˜ï¸ğŸŒ±

Track : AMT World - Skyscraper
Album : Cityscape

#LofiHipHop #lofi #chillhop #jazzhop https://t.co/UZDBHVNLtN"
2020-09-04 18:14:39+00:00,1301946795593875456,"C9AF50C9 :å‚æˆ¦ID
å‚åŠ è€…å‹Ÿé›†ï¼
Lv120 ãƒ¡ã‚¿ãƒˆãƒ­ãƒ³
https://t.co/b4sqUKoVCB"
2020-09-04 18:12:54+00:00,1301946352713314304,@nairrcostaa amt!â¤âœŠ
2020-09-04 18:12:47+00:00,1301946325739634690,"@Florian1Mueller @anja_eckert @mariovoigt @SusanneHennig und wenn man bedenkt, dass sie in kein Amt des Bundeslands bekleidet"
2020-09-04 18:12:31+00:00,1301946257167048711,"Wer zu lange in einem Amt bleibt, wird bei lebendigem Leibe historisiert. Gut getimter Wechsel ist auch fÃ¼r jeden selbst gesund."
2020-09-04 18:11:21+00:00,1301945963033120768,@TatianaSimes10 AmtğŸ’
2020-09-04 18:10:53+00:00,1301945848616624128,@Oli_Pochwat @Tash_Witk das Amt to po niemiecku... urzÄ…d. czyli co ona jest? urzÄ™dowa faszystka?
2020-09-04 18:10:51+00:00,1301945839854792705,@mrtastily Dann kannst du das Amt leider nicht bekommen
2020-09-04 18:10:46+00:00,1301945817943519233,"Happy Teachers day @iamrudramurthy 
Thank you for everything sirâ¤ï¸
Love the way u make ur audience understand things, amt of energy u have is unbeatable,  Iâ€™m able to understand mkts better now, waiting for more and more learnings sir, #value #notcheatnretailtraders #rudrakijai https://t.co/BEedHT98bH"
2020-09-04 18:09:44+00:00,1301945555573256194,"mich hat  immernoch keiner  ernst genommen hier ,ich brauch eine person die souverÃ¤n und kompromisslos ,die leistungen in rechnung stellt ,wie ich es sage.wenn ich sage 50000 euro fÃ¼r den blog ,dann weiÃŸ sie die rechnung dafÃ¼r zu schreiben. jeder beitrag 10 euro rechnung ans amt"
2020-09-04 18:09:28+00:00,1301945490850938882,@LBCplumbing @cliveomalley @AMT_Heating You know me well ğŸ¤£ğŸ¤£
2020-09-04 18:09:18+00:00,1301945446617808898,@cliveomalley @AMT_Heating ğŸ‘€ğŸ‘€
2020-09-04 18:07:39+00:00,1301945033684262912,@nemu_aaaaa ã‚¤ã‚±ãƒ¡ãƒ³ã ãï¼
2020-09-04 18:06:52+00:00,1301944837030125569,@amt_sho ã„ãªã„ã‚ˆã€ç„¡ç³–ã®å…„è²´
2020-09-04 18:05:56+00:00,1301944602027528192,@babadmerchan @pamozaec @pamogaec para eso quieren seguir con las restricciones pero segÃºn el director de la AMT son unos angelitos los metropolitanos https://t.co/niC5ojTBUr
2020-09-04 18:05:52+00:00,1301944584101134337,"letzte #maischberger unnÃ¶tige Frage:
WÃ¤re es wirklich soooo schlimm, wenn #Trump nochmal vier Jahre im Amt wÃ¤re.
Ne Frau Maischberger alles super, ein LÃ¼gner, Sexist, Rassist ist doch nichts Schlimmes.
Ich schaue es einfach nicht mehr!"
2020-09-04 18:04:51+00:00,1301944329204690946,@nemu_aaaaa ã“ã‚Œã­ã‚€ã•ã‚“ï¼Ÿï¼
2020-09-04 18:04:40+00:00,1301944281880559617,"@praejudiz @Velofisch @tofreudenberg @Richterbund Schauen Sie mal die Berechnung des BVerfG an. Es ist fÃ¼r 2015 fÃ¼r Berlin zur Ansicht gelangt, dass dort im geringsten besoldeten Amt zu Berufsbeginn mehr als 9.000 Euro netto jÃ¤hrlich mehr hÃ¤tte bezahlt werden mÃ¼ssen."
2020-09-04 18:04:19+00:00,1301944192684437506,@winterkidharry ASDFGHJ AMT
2020-09-04 18:03:51+00:00,1301944075818475520,ãŠã«ã¾ã„ã€ã¿ã¯ã‚ŠãŒå¥æ°—ã™ãã¦æ³£ã‘ã¡ã‚ƒã†ã®ã‚ˆãªâ€¦â€¦
2020-09-04 18:03:42+00:00,1301944040372555781,"@geovy1985 @SolMaria060 @AMTQuito @teleamazonasec @TVCElComercioTv @pamozaec @DavilaAurelio AlimaÃ±as de mierda, lo peor es que como ven que las cabezas les mandan (como cuota de venta) a poner multas, estos se benefician
Esta AMT y ANT DEBEN DESAPARECER
NO HAN APORTADO NADA
NO APORTAN NADA
NO APORTARAN NADA"
2020-09-04 18:03:41+00:00,1301944034861088768,"@Notchypoo @choassUP @TheBrookeAsh That is sad. I have owned 5 homes. I was able to sell everyone except the last w/o a realtor. As such, they sold within weeks &amp; I made a reasonable amt of money. I was also lucky my late dad was a master craftsman who could fix anything. Saved me a fortune."
2020-09-04 18:03:36+00:00,1301944015697244162,"Middle class borrowers hv been looted by private banks/institutions legally.

Even after multiple RBI repo rate cuts, ppl were shown no mercy &amp; made to pay higher interest rates for years. 

Will the grey interest amt be repaid?

Interest rates shd be auto reset as how #SBI does."
2020-09-04 18:01:49+00:00,1301943565593923584,æœ€è¿‘é ­ç—›ã£ã¦ã„ã†ã‚»ãƒ«ãƒ•ç›®è¦šã¾ã—ãŒã‚ã‚‹ã‚“ã§ã™ã‚ˆä¾¿åˆ©ã§ã™ã­
2020-09-04 18:01:33+00:00,1301943497155510272,"ã¯ã„

é ­ç—›ã§èµ·ãã¾ã—ãŸ(æ®ºæ„)"
2020-09-04 18:01:24+00:00,1301943458886610944,"ï½ã‚¸ãƒ£ãƒ ã®è©¦ä½œä¸­ï½

ã‰ã£ã‰ãƒã€Œãã†ã ã€ç…®è¾¼ã¿ãŒè¶³ã‚Šãªã‹ã£ãŸã‚“ã ï¼ç‰›ã™ã˜ç…®ã‚‚ç…®è¾¼ã‚ã°æŸ”ã‚‰ã‹ããªã‚‹ã€ã“ã‚ŒãŒè¶³ã‚Šãªã‹ã£ãŸã‚“ã ï¼ã€

ãƒã‚¤ã€Œã„ã‚„ã‚ã‹ã‚“ã­ã‡ã‚ˆã€

ã‰ã£ã‰ãƒã€Œã”ã‚ã‚“â€¦ã˜ã‚ƒã‚ã€ã©ã¦ç…®ï¼Ÿã€"
2020-09-04 18:00:28+00:00,1301943226266460161,"@ZenithBank SALIHU musa@ZenithBank good morning please I do do transaction on p.o.s the transaction declined but I debited,Acct:225**420
DT:02/09/2020:7:41:36 PM
MC POS Pyt-024618995352--0020001346
DR Amt:NGN5,100.00
Bal:
REF:885336685(account number,2250160420, SALIHU MUSA)"
2020-09-04 17:59:18+00:00,1301942931448901638,@cliveomalley @AMT_Heating @irbheating I thought he was more East17
2020-09-04 17:58:48+00:00,1301942807016472576,"the live streaming of SEXUAL HARASSERS AT MY WINDOW THAT HAS BEEN
ARRANGED BY THE COPS THEY ARE DEALING WITH
FIXING MY PICK 

IS SPYING

THE COPS ARE COMING, THE COPS ARE COMING....

CAUSING ENORMOUS AMT OF STRESS https://t.co/ZfZbt3WDSG"
2020-09-04 17:58:34+00:00,1301942749093007360,"3DC63756 :å‚æˆ¦ID
å‚åŠ è€…å‹Ÿé›†ï¼
Lv120 ãƒ¡ã‚¿ãƒˆãƒ­ãƒ³
https://t.co/b4sqUKoVCB"
2020-09-04 17:58:22+00:00,1301942695150211077,"Ehrlich, dieses System kotzt mich so an.
WÃ¼rde ja echt gerne beantragen, dass das Amt die restlichen Kosten Ã¼bernimmt. Aber ich habe nicht mal nen Plan, wer jetzt zustÃ¤ndig ist.
Bescheid ist vom Jobcenter, aber eigentlich ist jetzt das Landratsamt zustÃ¤ndig. Da habe ich aber noch"
2020-09-04 17:58:12+00:00,1301942656747085826,"@ZenithBank I make transaction with p.o.s it declined but I debited,Acct:225**420
DT:02/09/2020:7:41:36 PM
MC POS Pyt-024618995352--0020001346
DR Amt:NGN5,100.00
Bal:
REF:885336685"
2020-09-04 17:55:16+00:00,1301941918016790528,Hooray for headache
2020-09-04 17:54:51+00:00,1301941812249075712,rame amt inih tempat ya.....
2020-09-04 17:54:45+00:00,1301941784679870465,the amt of tears u cried while watchin the whole episode ....
2020-09-04 17:54:33+00:00,1301941735329734657,the amt of times soobin comes up on my fyp
2020-09-04 17:52:36+00:00,1301941244113940481,"@BTSTXTgenre Ilyt ğŸ’œ also im american so ik that babysitters get paid like that amt , especially for 3 kids so it's fair."
2020-09-04 17:51:48+00:00,1301941044813148160,@ric_arcadia Ahora hasta el cm de la amt se hace el cojudo.... ğŸ˜‚ğŸ˜‚ğŸ˜‚ğŸ˜‚ impresentables!
2020-09-04 17:50:14+00:00,1301940650263244800,@Stack3rr @PrettyBoyM_Sota @_neverNadir @TheDrippyistPop @DisFunko they charged me full amt for my michael scarn dang but anyways yeah just an auth thing ğŸ‘ğŸ¼
2020-09-04 17:50:07+00:00,1301940619766571008,Thomas Muster se coronÃ³ 4 veces seguidas en el AMT
2020-09-04 17:50:06+00:00,1301940616532762624,"Vamos a ver cÃ³mo anda su memoria... ğŸ‘€ğŸ˜

Sam Querrey eliminÃ³ a Djokovic en el AMT 2017"
2020-09-04 17:50:05+00:00,1301940612921323529,@w_amt_s ï½±ï¾‹ï½ªï½°ï½°ï½°ï½°ï½¤!!!ã‚ã‚ŠãŒã¨ã†ã”ã–ã„ã¾ã™ï¼ï¼ï¼ã“ã ã‚ã‚Šã¨ã„ã†ã‹ãªã‚“ã¨ã„ã†ã‹â€¦â€¦ãŸã ã®å¦„æƒ³ã“ã˜ã‚‰ã›ã¨ã„ã†ã‹â€¦â€¦ğŸ¤¤å¬‰ã—ã„ã§ã™â€¦ğŸ¤¤
2020-09-04 17:49:27+00:00,1301940451172384768,"Hora de lavar a mÃ£o! JÃ¡ tem um tempo que vocÃª nÃ£o lava a sua hein? FaÃ§a sua parte, evite o #CoronaVÃ­rus"
2020-09-04 17:49:16+00:00,1301940405634654208,"@JonathanSimon14 more: One way to fix the prob.&amp; cure foreign meddling is to remove the incentive to steal elect.Since 1 big incentive is money all private campaign donations shld b illegal &amp;campaigns shld b allowed to use only public money,same amt. to each candidate. The fec shld track spending"
2020-09-04 17:47:14+00:00,1301939893380288512,"@geovy1985 @AMTQuito @teleamazonasec @TVCElComercioTv @pamozaec @DavilaAurelio En Ã©sta pandemia los que hicieron plata fueron los de la AMT, y estan que hacen batidas saben que ya se les acaba"
2020-09-04 17:46:40+00:00,1301939753902723073,"Here's something non-political. Enjoy the ""Fresh Air""! Model Car Garage - The 1969 Mustang Mach 1 By AMT ERTL https://t.co/yGKja4CwYs via @YouTube"
2020-09-04 17:45:14+00:00,1301939392228069376,"@kanadian_idiot fair enough ğŸ˜‚ i think i occasionally slept close to 10 hrs for a little while earlier this year. first bc senior year of college, but then bc of unemployment for the last several months (thanks corona). this new job CERTAINLY does not allow for that amt of sleep anymore lolllll"
2020-09-04 17:43:58+00:00,1301939071573536770,Ø¨ÙŠØªØ±ÙˆØ³ Ø§Ù„Ù„Ù‡ ÙŠØ§Ø®Ø°Ùƒ ÙˆØ§Ù† Ø´Ø§Ø¡ Ø§Ù„Ù„Ù‡ ØªÙ„Ø­Ù‚ Ø¬ÙˆÙ„ÙŠØ§Ù†Ùˆ
2020-09-04 17:42:41+00:00,1301938749576753152,"Und wieder das von @AndiScheuer
gefÃ¼hrte Ministerium @BMVI

Das der Mann noch nicht aus dem Amt und noch ein ganzes StÃ¼ck weiter gejagt wurde ist unbegreiflich. #Scheuer 

https://t.co/Ucaw1jgPVM via @derspiegel"
2020-09-04 17:42:36+00:00,1301938729641299968,$PLM great ride here secured initial buy amt sold at 6.00 letting my profits ride now ridehttps://www.tradingview.com/x/eJMsfLiI/
2020-09-04 17:40:55+00:00,1301938304200318978,"@buchinedu3 Debit
Amt:NGN5,010.75 Dr
Acc:000****702
Desc:TRF IFO ONYEBUCHI CHINE NIP:00001420090413
Time:04/09/2020  13:25:"
2020-09-04 17:38:50+00:00,1301937779736272898,Ù„Ø³Ø§ Ù…Ø§ Ø¯Ø®Ù„ Ø§Ù„Ø§ Ø±Ø§Ø³Ù‡ @ittihad
2020-09-04 17:38:46+00:00,1301937765739708417,"These fams are undocu, mixed status, indigenous &amp; didn't receive relief from the federal stimulus package.

Though the amt of fams we helped is not enough, Im pleased we provided a bit of relief to families who continue to be forgotten &amp; are disproportionately affected by COVID"
2020-09-04 17:38:46+00:00,1301937763722432515,@sprachmittlerud #Merkel ist ja auch erst 16 Jahre im Amt. Da bringt man allerhÃ¶chstens einen mehr als Ã¼berteuerten Flughafen Berlin vielleicht fertig
2020-09-04 17:38:45+00:00,1301937760920571907,"@BeveridgeSgt003 Did you report your rent, cost, prescriptions, utilities to Dept of Children &amp; families? This should bring your FS amt up"
2020-09-04 17:38:40+00:00,1301937740561481735,@mariovoigt @SusanneHennig @dieLinke @spdde @Die_Gruenen Sagte ein Vertreter einer Partei die mit AfD und FDP Kemmerich ins Amt gehoben haben. Sowie der Fraktionsvize Walk der GesprÃ¤che mit der AfD wollte ğŸ¤¡ ihr seid lustig in der CDU. Habt ihr Schiss vor Opposition im Bund?
2020-09-04 17:37:57+00:00,1301937559132499968,@othsidury Pak ko ngerti amt bhsa gt
2020-09-04 17:37:29+00:00,1301937443403444226,@danielssexbang after a certain amt of time they ask for a review whether its arrived or not. its been 5 weeks and im still waiting on pins that its asking me to review
2020-09-04 17:36:30+00:00,1301937195083735040,@Amt_beefstew ã˜ã‚ƒã‚è¦‹ã¤ã‘ãŸã‚‰ç§’ã§èª˜ã„ã¾ã™ğŸ¥ºï¼
2020-09-04 17:36:30+00:00,1301937193678548993,"@rahulroushan There have been no famous trad since the greatest of all ""Bhartendu harishchandra"" (it is really painful and shameful at the same time Hindu society have not produced a thinker like him after his demise)

Tilak also comes close but his opinion on AIT/AMT disqualifies him."
2020-09-04 17:35:48+00:00,1301937018230976514,"Nur ein halbes Jahr, nachdem die #CDU ThÃ¼ringen mit rechtsextremen Verfassungsfeinden den KurzzeitministerprÃ¤sidenten #Kemmerich ins Amt gehievt hat, wÃ¤re ZurÃ¼ckhaltung in Koalitionsfragen noch immer das Gebot der Stunde. https://t.co/FbFj6DFiLf"
2020-09-04 17:34:28+00:00,1301936680858013697,"@Glonntaler @Schwarz_MdB @UliGroetsch @MelanieHuml @Markus_Soeder @BayernSPD @spdde #Soeder ist und war schon immer ein Wendehals. Die Coronakrise  nutzt er doch nur um sich zu profilieren. Man muss ihm auch ankreiden, das er den #Scheuer unangefochten im Amt lÃ¤sst. Und das Zeug zum Kanzler, wenn er das im Kopf hat, hat er nicht."
2020-09-04 17:34:26+00:00,1301936671747760130,"@ramit Even better, check out @SavvyInvestorPM and his â€œTwo Funds For Life.â€ Basically allocate to (i) TDF and (ii) small cap value fund for extra juice. Amt allocable to SCV = 2 x your age (decrease over time). Put the two funds in M1 Finance and itll auto rebal for free. Boom - Done!"
2020-09-04 17:33:04+00:00,1301936328003723264,"@videogamedeals I mean, the pro controller itself cost like 70 at launch"
2020-09-04 17:33:01+00:00,1301936316813172736,@Republic_Bharat à¤¦à¥‡à¤– à¤²à¥‡à¤¤à¥‡ à¤¹à¥ˆ à¤•à¤¿ à¤®à¤¹à¤¿à¤²à¤¾ à¤†à¤¯à¥‹à¤— à¤¸à¤š à¤®à¥‡à¤‚ à¤•à¥à¤› à¤•à¤°à¤¤à¥€ à¤¹à¥ˆ à¤¯à¤¾ à¤¬à¤¸ à¤¨à¤¾à¤® à¤•à¤¾ à¤¹à¥ˆ à¤¯à¥‡ à¤à¤œà¥‡à¤‚à¤¸à¥€à¥¤ !!
2020-09-04 17:32:34+00:00,1301936205014147072,@videogamedeals Pretty awesome deal if you like digital games!
2020-09-04 17:32:33+00:00,1301936199720865797,@AMT_ZX @videogamedeals Iâ€™m too lazy for stickers
2020-09-04 17:31:59+00:00,1301936057085165568,@ManojKureel7 @SanjayAzadSln https://t.co/EZxZ97CStM
2020-09-04 17:31:23+00:00,1301935908250419200,@Trey_Syt @videogamedeals Could try to preorder this and then cancel.
2020-09-04 17:31:23+00:00,1301935904949321729,ã‰ã£ã‰ãƒã€Œä¿ºã¯â€¦ã“ã“æœ€è¿‘é£²ã¿å§‹ã‚ã¦å¥½ãã«ãªã£ãŸã€åˆå¾Œãƒ†ã‚£ãƒ¼ã«ã™ã‚‹ã‹ï¼ˆç´…èŒ¶èŠ±ä¼ã‚’æ¡ã‚Šç· ã‚ã¦ï¼‰ã€
2020-09-04 17:31:12+00:00,1301935859206295553,"C1461EFA :å‚æˆ¦ID
å‚åŠ è€…å‹Ÿé›†ï¼
Lv120 ã‚·ãƒ´ã‚¡
https://t.co/jUMsHo3Wx0"
2020-09-04 17:30:23+00:00,1301935654163505152,"@themazharkhan @nehadixit123 @Aparna Seems like your wife is the lucky exception. When we wanted to buy some land, though I spoke and researched everything, the agents simply refused to even look at me and only addressed my husband. Even my paying the entire booking amt did little to change that perspective."
2020-09-04 17:29:43+00:00,1301935485909000192,@yeshajethva https://t.co/R57o1jaJl2
2020-09-04 17:29:06+00:00,1301935333043507200,@JJ_vonZ Damit passt sie doch perfekt in das Amt der Parteivorsitzenden
